<archive datecreated="2018-05-22T00:00:22" taskid="98223">
  <task>
    <data taskid="98223" tclocation="4739\TGT\EN-GB_NL\" priority="2" unconfirmed="0" confirmed="395" filename="to_translate.docx" totalwords="395" newwords="382" fuzzywords="8" hundredwords="0" repeatedwords="5" datecreated="2017-10-23T13:39:40" datedue="2017-10-30T13:00:00" datedeactivated="2018-02-21T15:48:22">
      <job jobid="4739" jobname="Two newsletters into Dutch" jobdesc="heleen.vanhout@alfalaval.com" private="1" datecreated="2017-10-23T13:39:40" datedue="2017-10-30T13:00:00" />
      <wfs wfsid="21" order="22" wfsname="Complete" wfsdesc="The Complete step is a system step that is placed at the end of a workflow if no user notification is needed when a task reaches the end of its workflow." orgid="1" statusid1="68" statusid2="0" interface="COMPLETE" system="1" static="1">
        <org orgid="1" orgname="Root Organization" orgdesc="The top level Organization, containing pre-configured default objects such as Content Types, Workflow Stages etc." static="0" />
      </wfs>
      <lp lpid="7" lpname="EN-GB &gt; NL" lpdesc="English (Britain) to Dutch (Netherlands)" src-langid="38" tgt-langid="35" />
      <segments>
        <src>
          <line id="20503013" lineid="25" version="1" context="x-tm-table-cell; sdl:table-row; sdl:table; x-tm-table-cell; sdl:table-row; sdl:table" wordcount="5" altwordcount="5" charcount="31" latest="1">TURNING DAIRY POTENTIAL INTO PROFIT</line>
          <line id="20503014" lineid="26" version="1" context="x-tm-table-cell; sdl:table-row; sdl:table; x-tm-table-cell; sdl:table-row; sdl:table" wordcount="35" altwordcount="35" charcount="212" latest="1">Covering liquid milk cultured milk ice cream mix milk powder cheese and whey products Alfa Laval's complete range of components support dairy businesses to be innovative flexible and improve process efficiencies to deliver tangible results.</line>
          <line id="20503015" lineid="27" version="1" context="x-tm-table-cell; sdl:table-row; sdl:table; x-tm-table-cell; sdl:table-row; sdl:table" wordcount="3" altwordcount="3" charcount="19" latest="1">LIQUID DAIRY PRODUCTS</line>
          <line id="20503016" lineid="28" version="1" context="x-tm-table-cell; sdl:table-row; sdl:table; x-tm-table-cell; sdl:table-row; sdl:table" wordcount="16" altwordcount="16" charcount="90" latest="1">A varied category that includes pasteurized and UHT white milk as well as formulated flavoured products.</line>
          <line id="20503012" lineid="24" version="1" context="x-tm-table-cell; sdl:table-row; sdl:table; x-tm-table-cell; sdl:table-row; sdl:table" wordcount="6" altwordcount="6" charcount="24" latest="1">From raw milk to market share</line>
          <line id="20503011" lineid="23" version="1" context="x-tm-table-cell; sdl:table-row; sdl:table; x-tm-table-cell; sdl:table-row; sdl:table" wordcount="9" altwordcount="9" charcount="54" latest="1">A dairy offering to help you capture sustainable opportunities</line>
          <line id="20503010" lineid="22" version="1" context="x-tm-tag; sdl:transunit-ref" wordcount="1" altwordcount="1" charcount="79" latest="1">http://www.alfalaval.com/industries/food-dairy-beverages/dairy/pages/dairy.aspx</line>
          <line id="20503009" lineid="21" version="1" context="x-tm-table-cell; sdl:table-row; sdl:table" wordcount="9" altwordcount="9" charcount="43" latest="1">Please use the below contact details to learn more.</line>
          <line id="20503008" lineid="20" version="1" context="x-tm-table-cell; sdl:table-row; sdl:table" wordcount="10" altwordcount="10" charcount="62" latest="1">Alfa Laval's complete portfolio is available through &lt;1&gt;your company name&lt;/1&gt;.</line>
          <line id="20503007" lineid="19" version="1" context="x-tm-tag; sdl:transunit-ref" wordcount="1" altwordcount="1" charcount="109" latest="1">http://www.alfalaval.com/industries/food-dairy-beverage/dairy-processing/Yogurt-and-cultured-milk-processing/</line>
          <line id="20503006" lineid="18" version="1" context="x-tm-table-cell; sdl:table-row; sdl:table; x-tm-table-cell; sdl:table-row; sdl:table; x-tm-table-cell; sdl:table-row; sdl:table; x-tm-table-cell; sdl:table-row; sdl:table" wordcount="5" altwordcount="5" charcount="32" latest="1">yoghurt and cultured milk processing</line>
          <line id="20503005" lineid="17" version="1" context="x-tm-table-cell; sdl:table-row; sdl:table; x-tm-table-cell; sdl:table-row; sdl:table; x-tm-table-cell; sdl:table-row; sdl:table; x-tm-table-cell; sdl:table-row; sdl:table" wordcount="3" altwordcount="3" charcount="13" latest="1">Read more about</line>
          <line id="20503004" lineid="16" version="1" context="x-tm-tag; sdl:transunit-ref" wordcount="1" altwordcount="1" charcount="121" latest="1">http://www.alfalaval.com/products/heat-transfer/plate-heat-exchangers/Gasketed-plate-and-frame-heat-exchangers/frontline/</line>
          <line id="20503003" lineid="15" version="1" context="x-tm-tag; sdl:transunit-ref" wordcount="1" altwordcount="1" charcount="73" latest="1">http://www.alfalaval.com/products/fluid-handling/mixing-equipment/Mixers/</line>
          <line id="20503002" lineid="14" version="1" context="x-tm-tag; sdl:transunit-ref" wordcount="1" altwordcount="1" charcount="77" latest="1">http://www.alfalaval.com/products/fluid-handling/pumps/Centrifugal-pumps/lkh/</line>
          <line id="20503001" lineid="13" version="1" context="x-tm-tag; sdl:transunit-ref" wordcount="1" altwordcount="1" charcount="91" latest="1">http://www.alfalaval.com/products/fluid-handling/valves/Double-seat-valves/unique-mixproof/</line>
          <line id="20503000" lineid="12" version="1" context="x-tm-table-cell; sdl:table-row; sdl:table; x-tm-table-cell; sdl:table-row; sdl:table" wordcount="10" altwordcount="10" charcount="67" latest="1">&lt;1&gt;Alfa Laval FrontLine&lt;/1&gt;&lt;2&gt; provides efficient cooling with gentle product handling&lt;/2&gt;</line>
          <line id="20502999" lineid="11" version="1" context="x-tm-table-cell; sdl:table-row; sdl:table; x-tm-table-cell; sdl:table-row; sdl:table" wordcount="17" altwordcount="17" charcount="109" latest="1">&lt;1&gt;Alfa Laval tank equipment&lt;/1&gt;&lt;2&gt; for liquid-powder mixing agitation and blending cut your processing time and increase productivity&lt;/2&gt;</line>
          <line id="20502998" lineid="10" version="1" context="x-tm-table-cell; sdl:table-row; sdl:table; x-tm-table-cell; sdl:table-row; sdl:table" wordcount="15" altwordcount="15" charcount="88" latest="1">&lt;1&gt;Alfa Laval LKH centrifugal pumps&lt;/1&gt;&lt;2&gt; give you Best Efficiency Point pumping and outstanding energy savings&lt;/2&gt;</line>
          <line id="20502997" lineid="9" version="1" context="x-tm-table-cell; sdl:table-row; sdl:table; x-tm-table-cell; sdl:table-row; sdl:table" wordcount="10" altwordcount="10" charcount="61" latest="1">&lt;1&gt;Alfa Laval Unique Mixproof Valves &lt;/1&gt;&lt;2&gt;ensure safe and efficient changeover&lt;/2&gt;</line>
          <line id="20502996" lineid="8" version="1" context="x-tm-table-cell; sdl:table-row; sdl:table; x-tm-table-cell; sdl:table-row; sdl:table" wordcount="4" altwordcount="4" charcount="23" latest="1">The Alfa Laval components:</line>
          <line id="20502995" lineid="7" version="1" context="x-tm-table-cell; sdl:table-row; sdl:table; x-tm-table-cell; sdl:table-row; sdl:table" wordcount="7" altwordcount="7" charcount="43" latest="1">The result: higher productivity with lower costs.</line>
          <line id="20502994" lineid="6" version="1" context="x-tm-table-cell; sdl:table-row; sdl:table; x-tm-table-cell; sdl:table-row; sdl:table" wordcount="11" altwordcount="11" charcount="63" latest="1">Crucially they give you high efficiency and safety in batch changeovers.</line>
          <line id="20502993" lineid="5" version="1" context="x-tm-table-cell; sdl:table-row; sdl:table; x-tm-table-cell; sdl:table-row; sdl:table" wordcount="19" altwordcount="19" charcount="105" latest="1">They ensure the highest standards of hygiene while improving yield and saving precious resources such as water and energy.</line>
          <line id="20502992" lineid="4" version="1" context="x-tm-table-cell; sdl:table-row; sdl:table; x-tm-table-cell; sdl:table-row; sdl:table" wordcount="24" altwordcount="24" charcount="131" latest="1">Increasing efficiency in continuous batch processes is one of the keys to success and Alfa Laval components can help to optimize your production process.</line>
          <line id="20502991" lineid="3" version="1" context="x-tm-table-cell; sdl:table-row; sdl:table; x-tm-table-cell; sdl:table-row; sdl:table" wordcount="13" altwordcount="13" charcount="72" latest="1">Looking to capture the growing market potential in yoghurt and cultured milk drinks?</line>
          <line id="20502990" lineid="2" version="1" context="x-tm-table-cell; sdl:table-row; sdl:table; x-tm-table-cell; sdl:table-row; sdl:table" wordcount="5" altwordcount="5" charcount="26" latest="1">Create a culture of efficiency</line>
          <line id="20502989" lineid="1" version="1" context="x-tm-tag; sdl:transunit-ref" wordcount="1" altwordcount="1" charcount="109" latest="1">http://www.alfalaval.com/industries/food-dairy-beverage/dairy-processing/Yogurt-and-cultured-milk-processing/</line>
          <line id="20503017" lineid="29" version="1" context="x-tm-table-cell; sdl:table-row; sdl:table; x-tm-table-cell; sdl:table-row; sdl:table" wordcount="16" altwordcount="16" charcount="102" latest="1">&lt;1&gt;With proven reliability and energy efficiency the &lt;/1&gt;&lt;2&gt;Alfa Laval Unique mixproof valves&lt;/2&gt;&lt;3&gt; maximize flexibility and safety.&lt;/3&gt;</line>
          <line id="20503018" lineid="30" version="1" context="x-tm-table-cell; sdl:table-row; sdl:table; x-tm-table-cell; sdl:table-row; sdl:table" wordcount="21" altwordcount="21" charcount="107" latest="1">This helps to achieve the low operating costs and low total cost of ownership required for good margins in competitive markets.</line>
          <line id="20503019" lineid="31" version="1" context="x-tm-table-cell; sdl:table-row; sdl:table; x-tm-table-cell; sdl:table-row; sdl:table" wordcount="4" altwordcount="4" charcount="22" latest="1">CULTURED MILK AND YOGHURT</line>
          <line id="20503020" lineid="32" version="1" context="x-tm-table-cell; sdl:table-row; sdl:table; x-tm-table-cell; sdl:table-row; sdl:table" wordcount="14" altwordcount="14" charcount="85" latest="1">Cultured milk and yoghurt place high demands on hygienic processing and heat transfer performance.</line>
          <line id="20503021" lineid="33" version="1" context="x-tm-table-cell; sdl:table-row; sdl:table; x-tm-table-cell; sdl:table-row; sdl:table" wordcount="20" altwordcount="20" charcount="117" latest="1">Furthermore the base product and ingredients must be effectively handled in order to preserve the integrity of the product ingredients.</line>
          <line id="20503022" lineid="34" version="1" context="x-tm-table-cell; sdl:table-row; sdl:table; x-tm-table-cell; sdl:table-row; sdl:table" wordcount="15" altwordcount="15" charcount="82" latest="1">&lt;1&gt;Part of our range of agitators is the &lt;/1&gt;&lt;2&gt;Alfa Laval EnSaFerm&lt;/2&gt;&lt;3&gt; specially developed for fermentation.&lt;/3&gt;</line>
          <line id="20503023" lineid="35" version="1" context="x-tm-table-cell; sdl:table-row; sdl:table; x-tm-table-cell; sdl:table-row; sdl:table" wordcount="2" altwordcount="2" charcount="10" latest="1">MILK POWDER</line>
          <line id="20503024" lineid="36" version="1" context="x-tm-table-cell; sdl:table-row; sdl:table; x-tm-table-cell; sdl:table-row; sdl:table" wordcount="16" altwordcount="16" charcount="106" latest="1">Milk powder is a versatile varied and fast-growing category covering both production ingredients and consumer products.</line>
          <line id="20503025" lineid="37" version="1" context="x-tm-table-cell; sdl:table-row; sdl:table; x-tm-table-cell; sdl:table-row; sdl:table" wordcount="11" altwordcount="11" charcount="63" latest="1">The first step in powder processing is liquid handling and concentration.</line>
          <line id="20503026" lineid="38" version="1" context="x-tm-table-cell; sdl:table-row; sdl:table; x-tm-table-cell; sdl:table-row; sdl:table" wordcount="23" altwordcount="23" charcount="133" latest="1">&lt;1&gt;Alfa Laval LKH Evap pump&lt;/1&gt;&lt;2&gt; is designed for use in the evaporator industry covering applications such as liquid concentration and powder processing solutions.&lt;/2&gt;</line>
          <line id="20503027" lineid="39" version="1" context="x-tm-tag; sdl:transunit-ref" wordcount="1" altwordcount="1" charcount="91" latest="1">http://www.alfalaval.com/products/fluid-handling/valves/Double-seat-valves/unique-mixproof/</line>
          <line id="20503028" lineid="40" version="1" context="x-tm-tag; sdl:transunit-ref" wordcount="1" altwordcount="1" charcount="80" latest="1">http://www.alfalaval.com/solution-finder/products/agitators/pages/agitators.aspx</line>
          <line id="20503029" lineid="41" version="1" context="x-tm-tag; sdl:transunit-ref" wordcount="1" altwordcount="1" charcount="76" latest="1">http://www.alfalaval.com/products/fluid-handling/pumps/centrifugal-pumps/lkh</line>
          <line id="20503030" lineid="42" version="1" context="x-tm-table-cell; sdl:table-row; sdl:table; x-tm-table-cell; sdl:table-row; sdl:table; x-tm-table-cell; sdl:table-row; sdl:table; x-tm-table-cell; sdl:table-row; sdl:table" wordcount="3" altwordcount="3" charcount="13" latest="1">Read more about</line>
          <line id="20503031" lineid="43" version="1" context="x-tm-table-cell; sdl:table-row; sdl:table; x-tm-table-cell; sdl:table-row; sdl:table; x-tm-table-cell; sdl:table-row; sdl:table; x-tm-table-cell; sdl:table-row; sdl:table" wordcount="3" altwordcount="3" charcount="18" latest="1">the dairy processing</line>
          <line id="20503032" lineid="44" version="1" context="x-tm-tag; sdl:transunit-ref" wordcount="1" altwordcount="1" charcount="73" latest="1">http://www.alfalaval.com/industries/food-dairy-beverage/dairy-processing/</line>
        </src>
        <tgt>
          <line id="22355955" lineid="1" version="1" match="0">http://www.alfalaval.com/industries/food-dairy-beverage/dairy-processing/Yogurt-and-cultured-milk-processing/</line>
          <line id="22355956" lineid="2" version="1" match="0">Create a culture of efficiency</line>
          <line id="22355957" lineid="3" version="1" match="0">Looking to capture the growing market potential in yoghurt and cultured milk drinks?</line>
          <line id="22355958" lineid="4" version="1" match="0">Increasing efficiency in continuous batch processes is one of the keys to success and Alfa Laval components can help to optimize your production process.</line>
          <line id="22355959" lineid="5" version="1" match="0">They ensure the highest standards of hygiene while improving yield and saving precious resources such as water and energy.</line>
          <line id="22355960" lineid="6" version="1" match="0">Crucially they give you high efficiency and safety in batch changeovers.</line>
          <line id="22355961" lineid="7" version="1" match="0">The result: higher productivity with lower costs.</line>
          <line id="22355962" lineid="8" version="1" match="87">Het DNA van Alfa Laval</line>
          <line id="22355963" lineid="9" version="1" match="0">&lt;1&gt;Alfa Laval Unique Mixproof Valves &lt;/1&gt;&lt;2&gt;ensure safe and efficient changeover&lt;/2&gt;</line>
          <line id="22355964" lineid="10" version="1" match="0">&lt;1&gt;Alfa Laval LKH centrifugal pumps&lt;/1&gt;&lt;2&gt; give you Best Efficiency Point pumping and outstanding energy savings&lt;/2&gt;</line>
          <line id="22355965" lineid="11" version="1" match="0">&lt;1&gt;Alfa Laval tank equipment&lt;/1&gt;&lt;2&gt; for liquid-powder mixing agitation and blending cut your processing time and increase productivity&lt;/2&gt;</line>
          <line id="22355966" lineid="12" version="1" match="0">&lt;1&gt;Alfa Laval FrontLine&lt;/1&gt;&lt;2&gt; provides efficient cooling with gentle product handling&lt;/2&gt;</line>
          <line id="22355967" lineid="13" version="1" match="0">http://www.alfalaval.com/products/fluid-handling/valves/Double-seat-valves/unique-mixproof/</line>
          <line id="22355968" lineid="14" version="1" match="0">http://www.alfalaval.com/products/fluid-handling/pumps/Centrifugal-pumps/lkh/</line>
          <line id="22355969" lineid="15" version="1" match="0">http://www.alfalaval.com/products/fluid-handling/mixing-equipment/Mixers/</line>
          <line id="22355970" lineid="16" version="1" match="0">http://www.alfalaval.com/products/heat-transfer/plate-heat-exchangers/Gasketed-plate-and-frame-heat-exchangers/frontline/</line>
          <line id="22355971" lineid="17" version="1" match="0">Read more about</line>
          <line id="22355972" lineid="18" version="1" match="0">yoghurt and cultured milk processing</line>
          <line id="22355973" lineid="19" version="1" match="0">http://www.alfalaval.com/industries/food-dairy-beverage/dairy-processing/Yogurt-and-cultured-milk-processing/</line>
          <line id="22355974" lineid="20" version="1" match="0">Alfa Laval's complete portfolio is available through &lt;1&gt;your company name&lt;/1&gt;.</line>
          <line id="22355975" lineid="21" version="1" match="0">Please use the below contact details to learn more.</line>
          <line id="22355976" lineid="22" version="1" match="0">http://www.alfalaval.com/industries/food-dairy-beverages/dairy/pages/dairy.aspx</line>
          <line id="22355977" lineid="23" version="1" match="0">A dairy offering to help you capture sustainable opportunities</line>
          <line id="22355978" lineid="24" version="1" match="0">From raw milk to market share</line>
          <line id="22355979" lineid="25" version="1" match="0">TURNING DAIRY POTENTIAL INTO PROFIT</line>
          <line id="22355980" lineid="26" version="1" match="0">Covering liquid milk cultured milk ice cream mix milk powder cheese and whey products Alfa Laval's complete range of components support dairy businesses to be innovative flexible and improve process efficiencies to deliver tangible results.</line>
          <line id="22355981" lineid="27" version="1" match="0">LIQUID DAIRY PRODUCTS</line>
          <line id="22355982" lineid="28" version="1" match="0">A varied category that includes pasteurized and UHT white milk as well as formulated flavoured products.</line>
          <line id="22355983" lineid="29" version="1" match="0">&lt;1&gt;With proven reliability and energy efficiency the &lt;/1&gt;&lt;2&gt;Alfa Laval Unique mixproof valves&lt;/2&gt;&lt;3&gt; maximize flexibility and safety.&lt;/3&gt;</line>
          <line id="22355984" lineid="30" version="1" match="0">This helps to achieve the low operating costs and low total cost of ownership required for good margins in competitive markets.</line>
          <line id="22355985" lineid="31" version="1" match="0">CULTURED MILK AND YOGHURT</line>
          <line id="22355986" lineid="32" version="1" match="0">Cultured milk and yoghurt place high demands on hygienic processing and heat transfer performance.</line>
          <line id="22355987" lineid="33" version="1" match="0">Furthermore the base product and ingredients must be effectively handled in order to preserve the integrity of the product ingredients.</line>
          <line id="22355988" lineid="34" version="1" match="0">&lt;1&gt;Part of our range of agitators is the &lt;/1&gt;&lt;2&gt;Alfa Laval EnSaFerm&lt;/2&gt;&lt;3&gt; specially developed for fermentation.&lt;/3&gt;</line>
          <line id="22355989" lineid="35" version="1" match="0">MILK POWDER</line>
          <line id="22355990" lineid="36" version="1" match="0">Milk powder is a versatile varied and fast-growing category covering both production ingredients and consumer products.</line>
          <line id="22355991" lineid="37" version="1" match="0">The first step in powder processing is liquid handling and concentration.</line>
          <line id="22355992" lineid="38" version="1" match="0">&lt;1&gt;Alfa Laval LKH Evap pump&lt;/1&gt;&lt;2&gt; is designed for use in the evaporator industry covering applications such as liquid concentration and powder processing solutions.&lt;/2&gt;</line>
          <line id="22355993" lineid="39" version="1" match="0">http://www.alfalaval.com/products/fluid-handling/valves/Double-seat-valves/unique-mixproof/</line>
          <line id="22355994" lineid="40" version="1" match="89">http://www.alfalaval.com/solution-finder/products/cb/Pages/CB.aspx</line>
          <line id="22355995" lineid="41" version="1" match="0">http://www.alfalaval.com/products/fluid-handling/pumps/centrifugal-pumps/lkh</line>
          <line id="22355996" lineid="42" version="1" match="0">Read more about</line>
          <line id="22355997" lineid="43" version="1" match="77">Zuivelverwerking</line>
          <line id="22355998" lineid="44" version="1" match="0">http://www.alfalaval.com/industries/food-dairy-beverage/dairy-processing/</line>
          <line id="22367643" lineid="1" version="2" match="100" confirmed="1" latest="1">http://www.alfalaval.com/industries/food-dairy-beverage/dairy-processing/Yogurt-and-cultured-milk-processing/</line>
          <line id="22367644" lineid="2" version="2" match="100" confirmed="1" latest="1">Creëer een efficiëntiecultuur</line>
          <line id="22367645" lineid="3" version="2" match="100" confirmed="1" latest="1">Op zoek naar het groeiende marktpotentieel in yoghurt en gefermenteerde melkdranken?</line>
          <line id="22367646" lineid="4" version="2" match="100" confirmed="1" latest="1">Een grotere efficiëntie in continue batchprocessen is een van de sleutels tot succes en Alfa Laval-componenten kunnen u helpen bij het optimaliseren van uw productieproces.</line>
          <line id="22367647" lineid="5" version="2" match="100" confirmed="1" latest="1">Ze zorgen voor de hoogste hygiënische normen terwijl de opbrengst wordt verbeterd en waardevolle hulpbronnen zoals water en energie gespaard worden.</line>
          <line id="22367648" lineid="6" version="2" match="100" confirmed="1" latest="1">En ook niet onbelangrijk; ze geven u hoge efficiëntie en veiligheid bij batchomschakeling.</line>
          <line id="22367649" lineid="7" version="2" match="100" confirmed="1" latest="1">Het resultaat: hogere productiviteit met lagere kosten.</line>
          <line id="22367650" lineid="8" version="2" match="100" confirmed="1" latest="1">De componenten van Alfa Laval:</line>
          <line id="22367651" lineid="9" version="2" match="100" confirmed="1" latest="1">&lt;1&gt;Alfa Laval Unique Mixproof-afsluiters &lt;/1&gt;&lt;2&gt;zorgen voor een veilige en efficiënte omschakeling&lt;/2&gt;</line>
          <line id="22367652" lineid="10" version="2" match="100" confirmed="1" latest="1">&lt;1&gt;Alfa Laval LKH-centrifugaalpompen&lt;/1&gt;&lt;2&gt; geven u Best Efficiency Point-pompen en uitstekende energiebesparingen&lt;/2&gt;</line>
          <line id="22367653" lineid="11" version="2" match="100" confirmed="1" latest="1">&lt;1&gt;Alfa Laval-tankapparatuur&lt;/1&gt;&lt;2&gt; voor vloeistof-poedermenging roeren en mengen verkort de bewerkingstijd en verhoog de productiviteit&lt;/2&gt;</line>
          <line id="22367654" lineid="12" version="2" match="100" confirmed="1" latest="1">&lt;1&gt;Alfa Laval FrontLine&lt;/1&gt;&lt;2&gt; biedt efficiënte koeling met zachte productbehandeling&lt;/2&gt;</line>
          <line id="22367655" lineid="13" version="2" match="100" confirmed="1" latest="1">http://www.alfalaval.com/products/fluid-handling/valves/Double-seat-valves/unique-mixproof/</line>
          <line id="22367656" lineid="14" version="2" match="100" confirmed="1" latest="1">http://www.alfalaval.com/products/fluid-handling/pumps/Centrifugal-pumps/lkh/</line>
          <line id="22367657" lineid="15" version="2" match="100" confirmed="1" latest="1">http://www.alfalaval.com/products/fluid-handling/mixing-equipment/Mixers/</line>
          <line id="22367658" lineid="16" version="2" match="100" confirmed="1" latest="1">http://www.alfalaval.com/products/heat-transfer/plate-heat-exchangers/Gasketed-plate-and-frame-heat-exchangers/frontline/</line>
          <line id="22367659" lineid="17" version="2" match="100" confirmed="1" latest="1">Lees meer over</line>
          <line id="22367660" lineid="18" version="2" match="100" confirmed="1" latest="1">verwerking van yoghurt en gefermenteerde melk</line>
          <line id="22367661" lineid="19" version="2" match="100" confirmed="1" auto="1" latest="1">http://www.alfalaval.com/industries/food-dairy-beverage/dairy-processing/Yogurt-and-cultured-milk-processing/</line>
          <line id="22367662" lineid="20" version="2" match="100" confirmed="1" latest="1">Alfa Laval's complete portefeuille is verkrijgbaar binnen &lt;1&gt;uw bedrijfsnaam&lt;/1&gt; .</line>
          <line id="22367663" lineid="21" version="2" match="100" confirmed="1" latest="1">Gebruik de onderstaande contactgegevens om meer te weten te komen.</line>
          <line id="22367664" lineid="22" version="2" match="100" confirmed="1" latest="1">http://www.alfalaval.com/industries/food-dairy-beverages/dairy/pages/dairy.aspx</line>
          <line id="22367665" lineid="23" version="2" match="100" confirmed="1" latest="1">Een zuivelaanbod waarmee u duurzame kansen kunt vastleggen</line>
          <line id="22367666" lineid="24" version="2" match="100" confirmed="1" latest="1">Van rauwe melk tot marktaandeel</line>
          <line id="22367667" lineid="25" version="2" match="100" confirmed="1" latest="1">ZUIVELPOTENTIEEL OMZETTEN IN WINST</line>
          <line id="22367668" lineid="26" version="2" match="100" confirmed="1" latest="1">Alfa Laval's complete assortiment omvat componenten voor vloeibare melk gefermenteerde melk ijsmix melkpoeder kaas en weiproducten en ondersteunt zuivelbedrijven om innovatief en flexibel te zijn en de efficiëntie van het proces te verbeteren om concrete resultaten te behalen.</line>
          <line id="22367669" lineid="27" version="2" match="100" confirmed="1" latest="1">VLOEIBARE ZUIVELPRODUCTEN</line>
          <line id="22367670" lineid="28" version="2" match="100" confirmed="1" latest="1">Een gevarieerde categorie die gepasteuriseerde melk en UHT-melk bevat evenals geformuleerde gearomatiseerde producten.</line>
          <line id="22367671" lineid="29" version="2" match="99" confirmed="1" latest="1">&lt;1&gt;Met bewezen betrouwbaarheid en energie-efficiëntie&lt;/1&gt; &lt;3&gt;maximaliseren&lt;/3&gt; &lt;1&gt;de&lt;/1&gt; &lt;2&gt;Alfa Laval Unique Mixproof-afsluiters&lt;/2&gt; &lt;3&gt;de fllexibiliteit en veiligheid.&lt;/3&gt;</line>
          <line id="22367672" lineid="30" version="2" match="100" confirmed="1" latest="1">Dit helpt bij het behalen van lage bedrijfskosten en lage totale eigendomskosten die nodig zijn voor goede marges in concurrerende markten.</line>
          <line id="22367673" lineid="31" version="2" match="100" confirmed="1" latest="1">GEFERMENTEERDE MELK EN YOGHURT</line>
          <line id="22367674" lineid="32" version="2" match="100" confirmed="1" latest="1">Gefermenteerde melk en yoghurt stellen hoge eisen aan hygiënische verwerking en warmteoverdrachtprestaties.</line>
          <line id="22367675" lineid="33" version="2" match="100" confirmed="1" latest="1">Bovendien moeten het basisproduct en de ingrediënten effectief worden behandeld om de integriteit van de productingrediënten te behouden.</line>
          <line id="22367676" lineid="34" version="2" match="100" confirmed="1" latest="1">&lt;1&gt;Een deel van ons assortiment roerders wordt gevormd door de&lt;/1&gt; &lt;2&gt;Alfa Laval EnSaFerm&lt;/2&gt; &lt;3&gt; speciaal ontwikkeld voor fermentatie.&lt;/3&gt;</line>
          <line id="22367677" lineid="35" version="2" match="100" confirmed="1" latest="1">MELKPOEDER</line>
          <line id="22367678" lineid="36" version="2" match="100" confirmed="1" latest="1">Melkpoeder is een veelzijdige gevarieerde en snelgroeiende categorie die zowel productie-ingrediënten als consumptieproducten omvat.</line>
          <line id="22367679" lineid="37" version="2" match="100" confirmed="1" latest="1">De eerste stap in poederverwerking is vloeibaar hanteren en concentreren.</line>
          <line id="22367680" lineid="38" version="2" match="100" confirmed="1" latest="1">&lt;1&gt;De Alfa Laval LKH Evap-pomp&lt;/1&gt; &lt;2&gt;is ontworpen voor gebruik in de verdamperindustrie die toepassingen zoals vloeibare concentratie en poederverwerkende oplossingen omvat.&lt;/2&gt;</line>
          <line id="22367681" lineid="39" version="2" match="100" confirmed="1" latest="1">http://www.alfalaval.com/products/fluid-handling/valves/Double-seat-valves/unique-mixproof/</line>
          <line id="22367682" lineid="40" version="2" match="100" confirmed="1" latest="1">http://www.alfalaval.com/solution-finder/products/agitators/pages/agitators.aspx</line>
          <line id="22367683" lineid="41" version="2" match="100" confirmed="1" latest="1">http://www.alfalaval.com/products/fluid-handling/pumps/centrifugal-pumps/lkh</line>
          <line id="22367684" lineid="42" version="2" match="100" confirmed="1" latest="1">Lees meer over</line>
          <line id="22367685" lineid="43" version="2" match="100" confirmed="1" latest="1">de zuivelverwerking</line>
          <line id="22367686" lineid="44" version="2" match="100" confirmed="1" latest="1">http://www.alfalaval.com/industries/food-dairy-beverage/dairy-processing/</line>
        </tgt>
      </segments>
      <events>
        <event id="3947294" time="2017-10-23T13:39:44" server="SNJTMS290">
          <wfs wfsid="10031" wfsname="Scan" wfsdesc="Scans the file to determine encoding type." orgid="1" statusid1="180" statusid2="181" interface="SCAN_FILE_TYPE" system="1" static="1" />
          <action id="1" name="ACTION_SUBMITTED" ltid="1557">Submitted To</action>
          <errcode code="0" module="System" severity="Success" identifier="SDL_ERR_OK" desc="Everything was OK." />
        </event>
        <event id="3947295" time="2017-10-23T13:39:44" server="SNJTMS290">
          <wfs wfsid="10031" wfsname="Scan" wfsdesc="Scans the file to determine encoding type." orgid="1" statusid1="180" statusid2="181" interface="SCAN_FILE_TYPE" system="1" static="1" />
          <action id="25" name="ACTION_STAGE_STARTING" ltid="10070">Starting</action>
          <errcode code="1076494343" module="System" severity="Informational" identifier="SDL_ERR_STAGE_STARTING" desc="Step execution starting." />
        </event>
        <event id="3947296" time="2017-10-23T13:39:45" server="SNJTMS290">
          <wfs wfsid="10031" wfsname="Scan" wfsdesc="Scans the file to determine encoding type." orgid="1" statusid1="180" statusid2="181" interface="SCAN_FILE_TYPE" system="1" static="1" />
          <action id="13" name="ACTION_STAGE_RESULT" ltid="4125">Step Result</action>
          <errcode code="0" module="System" severity="Success" identifier="SDL_ERR_OK" desc="Everything was OK." />
        </event>
        <event id="3947297" time="2017-10-23T13:39:46" server="SNJTMS290">
          <wfs wfsid="2" wfsname="Pre-processing" wfsdesc="In the Pre-processing step SDLTMS uses a filter to detect translatable content within an item and segment the content ready for translation. Once segmented, a sequence of Translation Memories are applied to match any previously translated segments." orgid="1" statusid1="25" statusid2="5" interface="PRE_PROCESS" system="1" static="1" />
          <action id="1" name="ACTION_SUBMITTED" ltid="1557">Submitted To</action>
          <errcode code="0" module="System" severity="Success" identifier="SDL_ERR_OK" desc="Everything was OK." />
        </event>
        <event id="3947298" time="2017-10-23T13:39:50" server="SNJTMS290">
          <wfs wfsid="2" wfsname="Pre-processing" wfsdesc="In the Pre-processing step SDLTMS uses a filter to detect translatable content within an item and segment the content ready for translation. Once segmented, a sequence of Translation Memories are applied to match any previously translated segments." orgid="1" statusid1="25" statusid2="5" interface="PRE_PROCESS" system="1" static="1" />
          <action id="25" name="ACTION_STAGE_STARTING" ltid="10070">Starting</action>
          <errcode code="1076494343" module="System" severity="Informational" identifier="SDL_ERR_STAGE_STARTING" desc="Step execution starting." />
        </event>
        <event id="3947299" time="2017-10-23T13:40:03" server="SNJTMS290">
          <wfs wfsid="2" wfsname="Pre-processing" wfsdesc="In the Pre-processing step SDLTMS uses a filter to detect translatable content within an item and segment the content ready for translation. Once segmented, a sequence of Translation Memories are applied to match any previously translated segments." orgid="1" statusid1="25" statusid2="5" interface="PRE_PROCESS" system="1" static="1" />
          <action id="12" name="ACTION_INFO" ltid="4126">Information</action>
          <errcode code="1075642466" module="Preprocessing" severity="Informational" identifier="SDL_ERR_PPT_PERFECT_MATCH_CONFIG_INFO" desc="PerfectMatch is enabled in the organization but the PerfectMatch options are not enabled in the configuration for this task." />
        </event>
        <event id="3947300" time="2017-10-23T13:42:13" comment="TM [AAC Global Master TM] TM Penalty [0%]" server="SNJTMS290">
          <wfs wfsid="2" wfsname="Pre-processing" wfsdesc="In the Pre-processing step SDLTMS uses a filter to detect translatable content within an item and segment the content ready for translation. Once segmented, a sequence of Translation Memories are applied to match any previously translated segments." orgid="1" statusid1="25" statusid2="5" interface="PRE_PROCESS" system="1" static="1" />
          <action id="12" name="ACTION_INFO" ltid="4126">Information</action>
          <errcode code="1075642459" module="Preprocessing" severity="Informational" identifier="SDL_ERR_APPLYING_TM_WITH_PENALTY" desc="Applying the TM using a TM match penalty." />
        </event>
        <event id="3947301" time="2017-10-23T13:42:13" comment="TM [Alfa Laval Master TM] TM Penalty [0%]" server="SNJTMS290">
          <wfs wfsid="2" wfsname="Pre-processing" wfsdesc="In the Pre-processing step SDLTMS uses a filter to detect translatable content within an item and segment the content ready for translation. Once segmented, a sequence of Translation Memories are applied to match any previously translated segments." orgid="1" statusid1="25" statusid2="5" interface="PRE_PROCESS" system="1" static="1" />
          <action id="12" name="ACTION_INFO" ltid="4126">Information</action>
          <errcode code="1075642459" module="Preprocessing" severity="Informational" identifier="SDL_ERR_APPLYING_TM_WITH_PENALTY" desc="Applying the TM using a TM match penalty." />
        </event>
        <event id="3947302" time="2017-10-23T13:42:13" comment="TM [Alfa Laval Legacy TM] TM Penalty [1%]" server="SNJTMS290">
          <wfs wfsid="2" wfsname="Pre-processing" wfsdesc="In the Pre-processing step SDLTMS uses a filter to detect translatable content within an item and segment the content ready for translation. Once segmented, a sequence of Translation Memories are applied to match any previously translated segments." orgid="1" statusid1="25" statusid2="5" interface="PRE_PROCESS" system="1" static="1" />
          <action id="12" name="ACTION_INFO" ltid="4126">Information</action>
          <errcode code="1075642459" module="Preprocessing" severity="Informational" identifier="SDL_ERR_APPLYING_TM_WITH_PENALTY" desc="Applying the TM using a TM match penalty." />
        </event>
        <event id="3947303" time="2017-10-23T13:42:16" server="SNJTMS290">
          <wfs wfsid="2" wfsname="Pre-processing" wfsdesc="In the Pre-processing step SDLTMS uses a filter to detect translatable content within an item and segment the content ready for translation. Once segmented, a sequence of Translation Memories are applied to match any previously translated segments." orgid="1" statusid1="25" statusid2="5" interface="PRE_PROCESS" system="1" static="1" />
          <action id="13" name="ACTION_STAGE_RESULT" ltid="4125">Step Result</action>
          <errcode code="0" module="System" severity="Success" identifier="SDL_ERR_OK" desc="Everything was OK." />
        </event>
        <event id="3947304" time="2017-10-23T13:42:16" server="SNJTMS290">
          <wfs wfsid="5" wfsname="Authorization" wfsdesc="Authorization is a user step where the user authorizes the costs associated with translation of a job into the required languages. Priority, workflow and due date information can be modified at task level where appropriate." orgid="1" statusid1="13" statusid2="2" interface="AUTHORIZE" system="0" static="1" />
          <action id="1" name="ACTION_SUBMITTED" ltid="1557">Submitted To</action>
          <errcode code="0" module="System" severity="Success" identifier="SDL_ERR_OK" desc="Everything was OK." />
        </event>
        <event id="3947311" time="2017-10-23T13:50:22" server="SNJTMS290">
          <usr usrid="203" email="valters.bruziks@aacglobal.com" usrname="AAC Ad Hoc Valters Bruziks" usrdesc="" />
          <wfs wfsid="5" wfsname="Authorization" wfsdesc="Authorization is a user step where the user authorizes the costs associated with translation of a job into the required languages. Priority, workflow and due date information can be modified at task level where appropriate." orgid="1" statusid1="13" statusid2="2" interface="AUTHORIZE" system="0" static="1" />
          <action id="13" name="ACTION_STAGE_RESULT" ltid="4125">Step Result</action>
          <errcode code="0" module="System" severity="Success" identifier="SDL_ERR_OK" desc="Everything was OK." />
        </event>
        <event id="3947312" time="2017-10-23T13:50:23" server="SNJTMS290">
          <usr usrid="203" email="valters.bruziks@aacglobal.com" usrname="AAC Ad Hoc Valters Bruziks" usrdesc="" />
          <wfs wfsid="10041" wfsname="Vendor Translation" wfsdesc="This stage allows the vendor to translate content." orgid="2" statusid1="200" statusid2="201" interface="TRANSLATE" system="0" static="0" />
          <action id="1" name="ACTION_SUBMITTED" ltid="1557">Submitted To</action>
          <errcode code="0" module="System" severity="Success" identifier="SDL_ERR_OK" desc="Everything was OK." />
        </event>
        <event id="3948850" time="2017-10-25T13:11:20" server="SNJTMS290">
          <usr usrid="203" email="valters.bruziks@aacglobal.com" usrname="AAC Ad Hoc Valters Bruziks" usrdesc="" />
          <action id="15" name="ACTION_UPLOAD" ltid="1559">Upload</action>
          <errcode code="1076494344" module="Upload" severity="Informational" identifier="SDL_ERR_SDLXLIFF_UPLOAD_START" desc="Bilingual file upload started." />
        </event>
        <event id="3948851" time="2017-10-25T13:11:25" server="SNJTMS290">
          <usr usrid="203" email="valters.bruziks@aacglobal.com" usrname="AAC Ad Hoc Valters Bruziks" usrdesc="" />
          <wfs wfsid="10041" wfsname="Vendor Translation" wfsdesc="This stage allows the vendor to translate content." orgid="2" statusid1="200" statusid2="201" interface="TRANSLATE" system="0" static="0" />
          <action id="15" name="ACTION_UPLOAD" ltid="1559">Upload</action>
          <errcode code="2752514" module="Upload" severity="Success" identifier="SDL_ERR_TTX_UPLOAD_OK" desc="Bilingual file uploaded." />
        </event>
        <event id="3948852" time="2017-10-25T13:11:25" server="SNJTMS290">
          <usr usrid="203" email="valters.bruziks@aacglobal.com" usrname="AAC Ad Hoc Valters Bruziks" usrdesc="" />
          <wfs wfsid="10053" wfsname="QA Check - Format Painting" wfsdesc="Checks that format painting is correct in the translated segments as compared to the source segments." orgid="2" statusid1="222" statusid2="223" interface="CUSTOM" system="1" static="0" />
          <action id="1" name="ACTION_SUBMITTED" ltid="1557">Submitted To</action>
          <errcode code="0" module="System" severity="Success" identifier="SDL_ERR_OK" desc="Everything was OK." />
        </event>
        <event id="3948853" time="2017-10-25T13:11:25" server="SNJTMS290">
          <wfs wfsid="10053" wfsname="QA Check - Format Painting" wfsdesc="Checks that format painting is correct in the translated segments as compared to the source segments." orgid="2" statusid1="222" statusid2="223" interface="CUSTOM" system="1" static="0" />
          <action id="25" name="ACTION_STAGE_STARTING" ltid="10070">Starting</action>
          <errcode code="1076494343" module="System" severity="Informational" identifier="SDL_ERR_STAGE_STARTING" desc="Step execution starting." />
        </event>
        <event id="3948854" time="2017-10-25T13:11:26" server="SNJTMS290">
          <wfs wfsid="10053" wfsname="QA Check - Format Painting" wfsdesc="Checks that format painting is correct in the translated segments as compared to the source segments." orgid="2" statusid1="222" statusid2="223" interface="CUSTOM" system="1" static="0" />
          <action id="13" name="ACTION_STAGE_RESULT" ltid="4125">Step Result</action>
          <errcode code="0" module="System" severity="Success" identifier="SDL_ERR_OK" desc="Everything was OK." />
        </event>
        <event id="3948855" time="2017-10-25T13:11:26" server="SNJTMS290">
          <wfs wfsid="13" wfsname="Rebuild Translation" wfsdesc="The Rebuild Translation system step constructs a final version of a task from the translated segments. It is typically placed after Translation and Review have been completed in the workflow, but before Approval." orgid="1" statusid1="81" statusid2="82" interface="REBUILD_FILE" system="1" static="1" />
          <action id="1" name="ACTION_SUBMITTED" ltid="1557">Submitted To</action>
          <errcode code="0" module="System" severity="Success" identifier="SDL_ERR_OK" desc="Everything was OK." />
        </event>
        <event id="3948856" time="2017-10-25T13:11:30" server="SNJTMS290">
          <wfs wfsid="13" wfsname="Rebuild Translation" wfsdesc="The Rebuild Translation system step constructs a final version of a task from the translated segments. It is typically placed after Translation and Review have been completed in the workflow, but before Approval." orgid="1" statusid1="81" statusid2="82" interface="REBUILD_FILE" system="1" static="1" />
          <action id="25" name="ACTION_STAGE_STARTING" ltid="10070">Starting</action>
          <errcode code="1076494343" module="System" severity="Informational" identifier="SDL_ERR_STAGE_STARTING" desc="Step execution starting." />
        </event>
        <event id="3948857" time="2017-10-25T13:11:34" server="SNJTMS290">
          <wfs wfsid="13" wfsname="Rebuild Translation" wfsdesc="The Rebuild Translation system step constructs a final version of a task from the translated segments. It is typically placed after Translation and Review have been completed in the workflow, but before Approval." orgid="1" statusid1="81" statusid2="82" interface="REBUILD_FILE" system="1" static="1" />
          <action id="13" name="ACTION_STAGE_RESULT" ltid="4125">Step Result</action>
          <errcode code="0" module="System" severity="Success" identifier="SDL_ERR_OK" desc="Everything was OK." />
        </event>
        <event id="3948858" time="2017-10-25T13:11:34" server="SNJTMS290">
          <wfs wfsid="10040" wfsname="Vendor Approval" wfsdesc="This stage allows the vendor to agree the requested dates, update costing etc." orgid="2" statusid1="198" statusid2="199" interface="PJM_AUTHORIZE" system="0" static="0" />
          <action id="1" name="ACTION_SUBMITTED" ltid="1557">Submitted To</action>
          <errcode code="0" module="System" severity="Success" identifier="SDL_ERR_OK" desc="Everything was OK." />
        </event>
        <event id="3948861" time="2017-10-25T13:12:23" server="SNJTMS290">
          <usr usrid="203" email="valters.bruziks@aacglobal.com" usrname="AAC Ad Hoc Valters Bruziks" usrdesc="" />
          <wfs wfsid="10040" wfsname="Vendor Approval" wfsdesc="This stage allows the vendor to agree the requested dates, update costing etc." orgid="2" statusid1="198" statusid2="199" interface="PJM_AUTHORIZE" system="0" static="0" />
          <action id="12" name="ACTION_INFO" ltid="4126">Information</action>
          <errcode code="2555977" module="System" severity="Informational" identifier="SDL_ERR_TASK_OPENED_IN_TI" desc="Task opened in Translation Interface." />
        </event>
        <event id="3948862" time="2017-10-25T13:12:58" server="SNJTMS290">
          <usr usrid="203" email="valters.bruziks@aacglobal.com" usrname="AAC Ad Hoc Valters Bruziks" usrdesc="" />
          <wfs wfsid="10040" wfsname="Vendor Approval" wfsdesc="This stage allows the vendor to agree the requested dates, update costing etc." orgid="2" statusid1="198" statusid2="199" interface="PJM_AUTHORIZE" system="0" static="0" />
          <action id="13" name="ACTION_STAGE_RESULT" ltid="4125">Step Result</action>
          <errcode code="0" module="System" severity="Success" identifier="SDL_ERR_OK" desc="Everything was OK." />
        </event>
        <event id="3948863" time="2017-10-25T13:12:58" server="SNJTMS290">
          <usr usrid="203" email="valters.bruziks@aacglobal.com" usrname="AAC Ad Hoc Valters Bruziks" usrdesc="" />
          <wfs wfsid="12" wfsname="Update TM" wfsdesc="The Update TM step is used to update a sequence of translation memories once a translation has been reviewed and approved." orgid="1" statusid1="17" statusid2="18" interface="UPDATE_TM" system="1" static="1" />
          <action id="1" name="ACTION_SUBMITTED" ltid="1557">Submitted To</action>
          <errcode code="0" module="System" severity="Success" identifier="SDL_ERR_OK" desc="Everything was OK." />
        </event>
        <event id="3948864" time="2017-10-25T13:12:58" server="SNJTMS290">
          <wfs wfsid="12" wfsname="Update TM" wfsdesc="The Update TM step is used to update a sequence of translation memories once a translation has been reviewed and approved." orgid="1" statusid1="17" statusid2="18" interface="UPDATE_TM" system="1" static="1" />
          <action id="25" name="ACTION_STAGE_STARTING" ltid="10070">Starting</action>
          <errcode code="1076494343" module="System" severity="Informational" identifier="SDL_ERR_STAGE_STARTING" desc="Step execution starting." />
        </event>
        <event id="3948865" time="2017-10-25T13:13:48" server="SNJTMS290">
          <wfs wfsid="12" wfsname="Update TM" wfsdesc="The Update TM step is used to update a sequence of translation memories once a translation has been reviewed and approved." orgid="1" statusid1="17" statusid2="18" interface="UPDATE_TM" system="1" static="1" />
          <action id="13" name="ACTION_STAGE_RESULT" ltid="4125">Step Result</action>
          <errcode code="0" module="System" severity="Success" identifier="SDL_ERR_OK" desc="Everything was OK." />
        </event>
        <event id="3948866" time="2017-10-25T13:13:48" server="SNJTMS290">
          <wfs wfsid="10" wfsname="Complete Invoice" wfsdesc="This step records completion of tasks with invoicing information. It is usually placed near the end of the workflow after Translated Content Retrieval." orgid="1" statusid1="47" statusid2="51" interface="INV_COMPLETE" system="1" static="1" />
          <action id="1" name="ACTION_SUBMITTED" ltid="1557">Submitted To</action>
          <errcode code="0" module="System" severity="Success" identifier="SDL_ERR_OK" desc="Everything was OK." />
        </event>
        <event id="3948867" time="2017-10-25T13:13:49" server="SNJTMS290">
          <wfs wfsid="10" wfsname="Complete Invoice" wfsdesc="This step records completion of tasks with invoicing information. It is usually placed near the end of the workflow after Translated Content Retrieval." orgid="1" statusid1="47" statusid2="51" interface="INV_COMPLETE" system="1" static="1" />
          <action id="25" name="ACTION_STAGE_STARTING" ltid="10070">Starting</action>
          <errcode code="1076494343" module="System" severity="Informational" identifier="SDL_ERR_STAGE_STARTING" desc="Step execution starting." />
        </event>
        <event id="3948868" time="2017-10-25T13:13:49" server="SNJTMS290">
          <wfs wfsid="10" wfsname="Complete Invoice" wfsdesc="This step records completion of tasks with invoicing information. It is usually placed near the end of the workflow after Translated Content Retrieval." orgid="1" statusid1="47" statusid2="51" interface="INV_COMPLETE" system="1" static="1" />
          <action id="13" name="ACTION_STAGE_RESULT" ltid="4125">Step Result</action>
          <errcode code="0" module="System" severity="Success" identifier="SDL_ERR_OK" desc="Everything was OK." />
        </event>
        <event id="3948869" time="2017-10-25T13:13:49" server="SNJTMS290">
          <wfs wfsid="11" wfsname="Translated Content Retrieval" wfsdesc="The Translated Content Retrieval system step is where translated tasks await retrieval by the system that requested their translation. This happens via a CTA Delivery request. This step should be after all Translation, Review and Approval steps." orgid="1" statusid1="19" statusid2="21" interface="UPLOAD" system="1" static="1" />
          <action id="1" name="ACTION_SUBMITTED" ltid="1557">Submitted To</action>
          <errcode code="0" module="System" severity="Success" identifier="SDL_ERR_OK" desc="Everything was OK." />
        </event>
        <event id="4382396" time="2018-02-21T15:48:22" server="SNJTMS290">
          <wfs wfsid="21" wfsname="Complete" wfsdesc="The Complete step is a system step that is placed at the end of a workflow if no user notification is needed when a task reaches the end of its workflow." orgid="1" statusid1="68" statusid2="0" interface="COMPLETE" system="1" static="1" />
          <action id="1" name="ACTION_SUBMITTED" ltid="1557">Submitted To</action>
          <errcode code="0" module="System" severity="Success" identifier="SDL_ERR_OK" desc="Everything was OK." />
        </event>
      </events>
      <versions>
        <version sourceversion="1" targetversion="2" user="Valters Bruziks Ad Hoc PjM" time="2017-10-25T13:11:23.037" wfsid="10041" />
        <version sourceversion="1" targetversion="1" time="2017-10-23T13:42:09.653" wfsid="2" />
      </versions>
    </data>
  </task>
</archive>