﻿<?xml version="1.0" encoding="UTF-8"?>
<archive datecreated="2018-08-13T00:01:08" sysname="SDL Translation Management System - ALFALAVAL" url="https://alfalaval.sdlproducts.com" orgid="10" objid="4738" objname="Translation into DA 6 doc" objtype="job">
  <org orgid="10" orgname="AAC Global Ad Hoc" orgdesc="" />
  <job jobid="4738" jobname="Translation into DA 6 doc" datecreated="2017-10-20T13:35:59" datedue="2017-11-03T13:31:00" itemcount="6" symbol="€">
    <usr usrid="458" usrname="Anna Falk" email="anna.falk@aacglobal.com" />
    <cfg cfgid="13" cfgname="OLD AAC Global Created Ad Hoc Jobs" cfgdesc="Configuration for processing Ad Hoc translation content with the AAC Global Vendor">
      <tms tmsid="4" tmsname="AAC Global Ad Hoc TM Sequence" tmsdesc="" pjm="1" />
      <cnt cntid="10023" cntname="Adobe FrameMaker 8-13 (Studio)" cntdesc="Maker Interchange Format (MIF) files exported from Adobe FrameMaker." />
      <cnt cntid="10025" cntname="Adobe InDesign CS2-CS4 (Studio)" cntdesc="InDesign Interchange (INX) documents generated with Adobe InDesign CS2-CS4." />
      <cnt cntid="10026" cntname="Adobe InDesign CS4-CC (Studio)" cntdesc="Adobe InDesign CS4-CC Markup IDML (*.idml) files." />
      <cnt cntid="10027" cntname="Any XML (Studio)" cntdesc="Any XML document or fragment for which explicit rules have not been defined. All text appearing inside elements is considered localizable. Any elements appearing inside such text are considered inline." />
      <cnt cntid="10032" cntname="Microsoft Excel 2000-2003 (Studio)" cntdesc="Documents created with Microsoft Excel 2000-2003." />
      <cnt cntid="10033" cntname="Microsoft Excel 2007-2013 (Studio)" cntdesc="Documents created with Microsoft Excel 2007-2016." />
      <cnt cntid="10034" cntname="Microsoft PowerPoint 2007-2013 (Studio)" cntdesc="Documents created with Microsoft PowerPoint 2007-2016." />
      <cnt cntid="10035" cntname="Microsoft PowerPoint XP-2003 (Studio)" cntdesc="Documents created with Microsoft PowerPoint XP-2003." />
      <cnt cntid="10036" cntname="Microsoft Word 2000-2003 (Studio)" cntdesc="Documents created with Microsoft Word 2000-2003." />
      <cnt cntid="10037" cntname="Microsoft Word 2007-2013 (Studio)" cntdesc="Documents created with Microsoft Word 2007-2016." />
      <wf wfid="10059" wfname="AAC Global - Alfa Laval AdHoc DTP Workflow" wfdesc="Workflow for AAC Global to use when creating ad hoc jobs WITH DTP" />
      <wf wfid="10060" wfname="AAC Global - Alfa Laval AdHoc Workflow" wfdesc="Workflow for AAC Global to use when creating ad hoc jobs with NO DTP" />
      <wf wfid="10072" wfname="Alfa Laval - Manual Documentum XML Workflow" wfdesc="Workflow used for manual upload of XML content from Documentum" />
      <cm cmid="19" cmname="AAC Global Ad Hoc - Cat B" cmdesc="" />
      <cm cmid="27" cmname="Alfa Laval - AAC Category A" cmdesc="" />
    </cfg>
  </job>
  <stages>
    <status>
      <lp lpid="6" lpname="EN-GB &gt; DA" lpdesc="English (Britain) to Danish" src-langid="38" tgt-langid="34" />
      <wfs wfsid="21" order="22" wfsname="Complete" wfsdesc="The Complete step is a system step that is placed at the end of a workflow if no user notification is needed when a task reaches the end of its workflow." statusid1="68" statusid2="0" interface="COMPLETE" system="1" static="1" />
      <tasks taskcount="1" wordcount="2276" todostep="0" />
    </status>
    <status>
      <lp lpid="6" lpname="EN-GB &gt; DA" lpdesc="English (Britain) to Danish" src-langid="38" tgt-langid="34" />
      <wfs wfsid="21" order="22" wfsname="Complete" wfsdesc="The Complete step is a system step that is placed at the end of a workflow if no user notification is needed when a task reaches the end of its workflow." statusid1="68" statusid2="0" interface="COMPLETE" system="1" static="1" />
      <tasks taskcount="1" wordcount="467" todostep="0" />
    </status>
    <status>
      <lp lpid="6" lpname="EN-GB &gt; DA" lpdesc="English (Britain) to Danish" src-langid="38" tgt-langid="34" />
      <wfs wfsid="21" order="22" wfsname="Complete" wfsdesc="The Complete step is a system step that is placed at the end of a workflow if no user notification is needed when a task reaches the end of its workflow." statusid1="68" statusid2="0" interface="COMPLETE" system="1" static="1" />
      <tasks taskcount="1" wordcount="931" todostep="0" />
    </status>
    <status>
      <lp lpid="6" lpname="EN-GB &gt; DA" lpdesc="English (Britain) to Danish" src-langid="38" tgt-langid="34" />
      <wfs wfsid="21" order="22" wfsname="Complete" wfsdesc="The Complete step is a system step that is placed at the end of a workflow if no user notification is needed when a task reaches the end of its workflow." statusid1="68" statusid2="0" interface="COMPLETE" system="1" static="1" />
      <tasks taskcount="1" wordcount="141" todostep="0" />
    </status>
    <status>
      <lp lpid="6" lpname="EN-GB &gt; DA" lpdesc="English (Britain) to Danish" src-langid="38" tgt-langid="34" />
      <wfs wfsid="21" order="22" wfsname="Complete" wfsdesc="The Complete step is a system step that is placed at the end of a workflow if no user notification is needed when a task reaches the end of its workflow." statusid1="68" statusid2="0" interface="COMPLETE" system="1" static="1" />
      <tasks taskcount="1" wordcount="1067" todostep="0" />
    </status>
    <status>
      <lp lpid="6" lpname="EN-GB &gt; DA" lpdesc="English (Britain) to Danish" src-langid="38" tgt-langid="34" />
      <wfs wfsid="21" order="22" wfsname="Complete" wfsdesc="The Complete step is a system step that is placed at the end of a workflow if no user notification is needed when a task reaches the end of its workflow." statusid1="68" statusid2="0" interface="COMPLETE" system="1" static="1" />
      <tasks taskcount="1" wordcount="1182" todostep="0" />
    </status>
  </stages>
  <langs>
    <lp lpid="6" lpname="EN-GB &gt; DA" lpdesc="English (Britain) to Danish" src-langid="38" tgt-langid="34" wordcount="6064" new="5038" fuzzy="79" hundred="18" repeated="929" confirmed="5441" unconfirmed="623" perfectmatch="0" />
  </langs>
  <cv cvid="28" cvname="Total Task Cost" cvdesc="Sum of all the individual task costs for a job (language independent version)." value="804.8850" symbol="€" />
  <cv cvid="38" cvname="Proofreading cost" cvdesc="Proofreading work will be charged at EUR 61 per hour." symbol="€" lpid="6" />
  <cv cvid="39" cvname="Desktop Publishing cost" cvdesc="DTP work will be charged at EUR 50 per hour." symbol="€" lpid="6" />
  <cv cvid="40" cvname="Engineering cost" cvdesc="Engineering work (previously part of the prizing category “Localization”) will be charged at EUR 61 per hour." value="25.0000" symbol="€" lpid="6" />
  <cv cvid="41" cvname="Copyediting cost" cvdesc="Copyediting will be charged at EUR 99 per hour (ordered separately, for already translated marketing material. Approximate speed for copyediting: 900-1000  words/hour)." symbol="€" lpid="6" />
  <cv cvid="42" cvname="Validation cost" cvdesc="One round of changes to translation and translation memories is included in the validation. Extra rounds of changes are charged by an hourly fee of EUR 61." symbol="€" lpid="6" />
  <cv cvid="44" cvname="PjM fee" cvdesc="For non-standard Project Management an hourly rate of EUR 72 (when separately agreed)." symbol="€" lpid="6" />
  <cv cvid="45" cvname="Express deliveries fee" cvdesc="Charges for express deliveries" symbol="€" lpid="6" />
  <tasks>
    <task taskid="98217" tclocation="4738\TGT\EN-GB_DA\" mimetype="application/msword" folder="\" filename="Appendix A - General Terms and Conditions for Field Test of Connectivity.._.docx" wordcount="2276" priority="2" cost="340.5000">
      <org />
      <wfs wfsid="21" wfsname="Complete" wfsdesc="The Complete step is a system step that is placed at the end of a workflow if no user notification is needed when a task reaches the end of its workflow." />
      <wf wfid="10060" wfname="AAC Global - Alfa Laval AdHoc Workflow" wfdesc="Workflow for AAC Global to use when creating ad hoc jobs with NO DTP" />
      <lp lpid="37" lpname="EN-GB &gt; DA" lpdesc="English (Britain) to Danish" />
      <pta taskfilename="Appendix A - General Terms and Conditions for Field Test of Connectivity.._.docx" langpair="EN-GB &gt; DA" pre-new="N/A" pre-fuzzy="N/A" pre-hundred="N/A" pre-perfect="N/A" pre-cost="N/A" post-new="N/A" post-fuzzy="N/A" post-hundred="N/A" post-perfect="N/A" post-cost="N/A" saving="N/A" />
    </task>
    <task taskid="98218" tclocation="4738\TGT\EN-GB_DA\" mimetype="application/msword" folder="\" filename="Appendix B - Scope of supply and requirements_.docx" wordcount="467" priority="2" cost="68.5300">
      <org />
      <wfs wfsid="21" wfsname="Complete" wfsdesc="The Complete step is a system step that is placed at the end of a workflow if no user notification is needed when a task reaches the end of its workflow." />
      <wf wfid="10060" wfname="AAC Global - Alfa Laval AdHoc Workflow" wfdesc="Workflow for AAC Global to use when creating ad hoc jobs with NO DTP" />
      <lp lpid="37" lpname="EN-GB &gt; DA" lpdesc="English (Britain) to Danish" />
      <pta taskfilename="Appendix B - Scope of supply and requirements_.docx" langpair="EN-GB &gt; DA" pre-new="N/A" pre-fuzzy="N/A" pre-hundred="N/A" pre-perfect="N/A" pre-cost="N/A" post-new="N/A" post-fuzzy="N/A" post-hundred="N/A" post-perfect="N/A" post-cost="N/A" saving="N/A" />
    </task>
    <task taskid="98219" tclocation="4738\TGT\EN-GB_DA\" mimetype="application/msword" folder="\" filename="Appendix C Connectivity Security_.docx" wordcount="931" priority="2" cost="135.0850">
      <org />
      <wfs wfsid="21" wfsname="Complete" wfsdesc="The Complete step is a system step that is placed at the end of a workflow if no user notification is needed when a task reaches the end of its workflow." />
      <wf wfid="10060" wfname="AAC Global - Alfa Laval AdHoc Workflow" wfdesc="Workflow for AAC Global to use when creating ad hoc jobs with NO DTP" />
      <lp lpid="37" lpname="EN-GB &gt; DA" lpdesc="English (Britain) to Danish" />
      <pta taskfilename="Appendix C Connectivity Security_.docx" langpair="EN-GB &gt; DA" pre-new="N/A" pre-fuzzy="N/A" pre-hundred="N/A" pre-perfect="N/A" pre-cost="N/A" post-new="N/A" post-fuzzy="N/A" post-hundred="N/A" post-perfect="N/A" post-cost="N/A" saving="N/A" />
    </task>
    <task taskid="98220" tclocation="4738\TGT\EN-GB_DA\" mimetype="application/msword" folder="\" filename="Appendix D - Contact Persons _.docx" wordcount="141" priority="2" cost="11.4300">
      <org />
      <wfs wfsid="21" wfsname="Complete" wfsdesc="The Complete step is a system step that is placed at the end of a workflow if no user notification is needed when a task reaches the end of its workflow." />
      <wf wfid="10060" wfname="AAC Global - Alfa Laval AdHoc Workflow" wfdesc="Workflow for AAC Global to use when creating ad hoc jobs with NO DTP" />
      <lp lpid="37" lpname="EN-GB &gt; DA" lpdesc="English (Britain) to Danish" />
      <pta taskfilename="Appendix D - Contact Persons _.docx" langpair="EN-GB &gt; DA" pre-new="N/A" pre-fuzzy="N/A" pre-hundred="N/A" pre-perfect="N/A" pre-cost="N/A" post-new="N/A" post-fuzzy="N/A" post-hundred="N/A" post-perfect="N/A" post-cost="N/A" saving="N/A" />
    </task>
    <task taskid="98221" tclocation="4738\TGT\EN-GB_DA\" mimetype="application/msword" folder="\" filename="Field Test Agreement Connectivity Biofos.docx" wordcount="1067" priority="2" cost="156.4000">
      <org />
      <wfs wfsid="21" wfsname="Complete" wfsdesc="The Complete step is a system step that is placed at the end of a workflow if no user notification is needed when a task reaches the end of its workflow." />
      <wf wfid="10060" wfname="AAC Global - Alfa Laval AdHoc Workflow" wfdesc="Workflow for AAC Global to use when creating ad hoc jobs with NO DTP" />
      <lp lpid="37" lpname="EN-GB &gt; DA" lpdesc="English (Britain) to Danish" />
      <pta taskfilename="Field Test Agreement Connectivity Biofos.docx" langpair="EN-GB &gt; DA" pre-new="N/A" pre-fuzzy="N/A" pre-hundred="N/A" pre-perfect="N/A" pre-cost="N/A" post-new="N/A" post-fuzzy="N/A" post-hundred="N/A" post-perfect="N/A" post-cost="N/A" saving="N/A" />
    </task>
    <task taskid="98222" tclocation="4738\TGT\EN-GB_DA\" mimetype="application/msword" folder="\" filename="Field Test Agreement Connectivity.docx" wordcount="1182" priority="2" cost="92.9400">
      <org />
      <wfs wfsid="21" wfsname="Complete" wfsdesc="The Complete step is a system step that is placed at the end of a workflow if no user notification is needed when a task reaches the end of its workflow." />
      <wf wfid="10060" wfname="AAC Global - Alfa Laval AdHoc Workflow" wfdesc="Workflow for AAC Global to use when creating ad hoc jobs with NO DTP" />
      <lp lpid="37" lpname="EN-GB &gt; DA" lpdesc="English (Britain) to Danish" />
      <pta taskfilename="Field Test Agreement Connectivity.docx" langpair="EN-GB &gt; DA" pre-new="N/A" pre-fuzzy="N/A" pre-hundred="N/A" pre-perfect="N/A" pre-cost="N/A" post-new="N/A" post-fuzzy="N/A" post-hundred="N/A" post-perfect="N/A" post-cost="N/A" saving="N/A" />
    </task>
  </tasks>
  <TMFilters />
</archive>