<archive datecreated="2018-08-13T00:01:14" taskid="98219">
  <task>
    <data taskid="98219" tclocation="4738\TGT\EN-GB_DA\" priority="2" unconfirmed="1" confirmed="930" filename="Appendix C Connectivity Security_.docx" totalwords="931" newwords="882" fuzzywords="16" hundredwords="1" repeatedwords="32" datecreated="2017-10-20T13:35:59" datedue="2017-11-03T13:31:00" datedeactivated="2018-05-15T14:53:38">
      <job jobid="4738" jobname="Translation into DA 6 doc" private="1" datecreated="2017-10-20T13:35:59" datedue="2017-11-03T13:31:00" />
      <wfs wfsid="21" order="22" wfsname="Complete" wfsdesc="The Complete step is a system step that is placed at the end of a workflow if no user notification is needed when a task reaches the end of its workflow." orgid="1" statusid1="68" statusid2="0" interface="COMPLETE" system="1" static="1">
        <org orgid="1" orgname="Root Organization" orgdesc="The top level Organization, containing pre-configured default objects such as Content Types, Workflow Stages etc." static="0" />
      </wfs>
      <lp lpid="6" lpname="EN-GB &gt; DA" lpdesc="English (Britain) to Danish" src-langid="38" tgt-langid="34" />
      <segments>
        <src>
          <line id="20502926" lineid="25" version="1" context="x-tm-table-cell; sdl:table-row; sdl:table" wordcount="2" altwordcount="2" charcount="16" latest="1">Secure connection</line>
          <line id="20502927" lineid="26" version="1" context="x-tm-table-cell; sdl:table-row; sdl:table" wordcount="3" altwordcount="3" charcount="19" latest="1">Safe message delivery</line>
          <line id="20502928" lineid="27" version="1" context="x-tm-table-cell; sdl:table-row; sdl:table" wordcount="3" altwordcount="3" charcount="22" latest="1">Durable message delivery</line>
          <line id="20502929" lineid="28" version="1" context="x-tm-table-cell; sdl:table-row; sdl:table" wordcount="3" altwordcount="3" charcount="17" latest="1">Azure Assume breach</line>
          <line id="20502930" lineid="29" version="1" context="x-tm-table-cell; sdl:table-row; sdl:table" wordcount="4" altwordcount="4" charcount="27" latest="1">Azure Global incident response</line>
          <line id="20502931" lineid="30" version="1" context="x-tm-table-cell; sdl:table-row; sdl:table" wordcount="3" altwordcount="3" charcount="23" latest="1">Azure intrusion detection</line>
          <line id="20502932" lineid="31" version="1" context="x-tm-table-cell; sdl:table-row; sdl:table" wordcount="3" altwordcount="3" charcount="20" latest="1">Azure active directory</line>
          <line id="20502933" lineid="32" version="1" context="x-tm-table-cell; sdl:table-row; sdl:table" wordcount="2" altwordcount="2" charcount="26" latest="1">Multi-factor authentication</line>
          <line id="20502934" lineid="33" version="1" context="x-tm-table-cell; sdl:table-row; sdl:table" wordcount="5" altwordcount="5" charcount="41" latest="1">Secure device provisioning and authentication</line>
          <line id="20502935" lineid="34" version="1" context="x-tm-table-cell; sdl:table-row; sdl:table" wordcount="5" altwordcount="5" charcount="27" latest="1">Azure IoT Hub identity registry</line>
          <line id="20502936" lineid="35" version="1" context="sdl:paragraph" wordcount="2" altwordcount="2" charcount="9" latest="1">The Device</line>
          <line id="20502937" lineid="36" version="1" context="sdl:paragraph" wordcount="6" altwordcount="6" charcount="33" latest="1">Hardware design with focus on security</line>
          <line id="20502925" lineid="24" version="1" context="x-tm-table-cell; sdl:table-row; sdl:table" wordcount="1" altwordcount="1" charcount="8" latest="1">Firewall</line>
          <line id="20502924" lineid="23" version="1" context="x-tm-table-cell; sdl:table-row; sdl:table" wordcount="2" altwordcount="2" charcount="8" latest="1">Event Log</line>
          <line id="20502923" lineid="22" version="1" context="x-tm-table-cell; sdl:table-row; sdl:table" wordcount="2" altwordcount="2" charcount="20" latest="1">Secure authentication</line>
          <line id="20502922" lineid="21" version="1" context="x-tm-table-cell; sdl:table-row; sdl:table" wordcount="5" altwordcount="5" charcount="40" latest="1">Secure deployment provisioning and upgrades</line>
          <line id="20502921" lineid="20" version="1" context="x-tm-table-cell; sdl:table-row; sdl:table" wordcount="3" altwordcount="3" charcount="23" latest="1">Only outbound connections</line>
          <line id="20502920" lineid="19" version="1" context="x-tm-table-cell; sdl:table-row; sdl:table" wordcount="2" altwordcount="2" charcount="19" latest="1">Tamperproof hardware</line>
          <line id="20502919" lineid="18" version="1" context="x-tm-table-cell; sdl:table-row; sdl:table" wordcount="11" altwordcount="11" charcount="54" latest="1">The hardware is designed to reduce the risk of attacks &amp;amp; breaches</line>
          <line id="20502918" lineid="17" version="1" context="x-tm-table-cell; sdl:table-row; sdl:table" wordcount="2" altwordcount="2" charcount="8" latest="1">&lt;1/&gt;&lt;2&gt;The Cloud&lt;/2&gt;</line>
          <line id="20502917" lineid="16" version="1" context="x-tm-table-cell; sdl:table-row; sdl:table" wordcount="2" altwordcount="2" charcount="13" latest="1">The Connection</line>
          <line id="20502916" lineid="15" version="1" context="x-tm-table-cell; sdl:table-row; sdl:table" wordcount="2" altwordcount="2" charcount="9" latest="1">The Device</line>
          <line id="20502915" lineid="14" version="1" context="sdl:paragraph" wordcount="5" altwordcount="5" charcount="34" latest="1">&lt;1&gt;The Cloud:&lt;/1&gt; Microsoft’s Azure solution.</line>
          <line id="20502914" lineid="13" version="1" context="sdl:paragraph" wordcount="11" altwordcount="11" charcount="57" latest="1">&lt;1&gt;The Connection:&lt;/1&gt; Can be either 3G/4G Ethernet Wi-Fi or Bluetooth.</line>
          <line id="20502913" lineid="12" version="1" context="sdl:paragraph" wordcount="12" altwordcount="12" charcount="59" latest="1">This is the unit connecting existing or new equipment to the internet.</line>
          <line id="20502912" lineid="11" version="1" context="sdl:paragraph" wordcount="25" altwordcount="25" charcount="126" latest="1">&lt;1&gt;The Device:&lt;/1&gt; An industrial standard rugged PC also called the &lt;2&gt;Field Gateway&lt;/2&gt; (FGW) is capable of working in temperatures between -30 to +70 degrees C.</line>
          <line id="20502911" lineid="10" version="1" context="sdl:paragraph" wordcount="30" altwordcount="30" charcount="154" latest="1">For the purpose of creating a good understanding the presentation is split into the three main parts that make up the connectivity platform: the device the connection and the cloud.</line>
          <line id="20502910" lineid="9" version="1" context="sdl:paragraph" wordcount="25" altwordcount="25" charcount="169" latest="1">To secure a competitive and efficient solution the Alfa Laval Connectivity infrastructure is based on standard technologies protocols and practices – all supported by modern security standards.</line>
          <line id="20502909" lineid="8" version="1" context="sdl:paragraph" wordcount="22" altwordcount="22" charcount="119" latest="1">When connecting devices and machines to the “Internet of Things” it is important to have a basic understanding of relevant security topics.</line>
          <line id="20502908" lineid="7" version="1" context="sdl:paragraph" wordcount="29" altwordcount="29" charcount="186" latest="1">Alfa Laval has developed a Connectivity Platform supporting the company in the development of digital services such as Conditioned Monitoring Collecting Runtime Data Remote Commissioning Trend Analysis and more.</line>
          <line id="20502907" lineid="6" version="1" context="sdl:paragraph" wordcount="1" altwordcount="1" charcount="12" latest="1">Introduction</line>
          <line id="20502906" lineid="5" version="1" context="sdl:paragraph" wordcount="2" altwordcount="2" charcount="13" latest="1">September 2017</line>
          <line id="20502905" lineid="4" version="1" context="sdl:paragraph" wordcount="3" altwordcount="3" charcount="28" latest="1">Connectivity Security Overview</line>
          <line id="20502904" lineid="3" version="1" context="sdl:textbox; x-tm-header-footer" wordcount="3" altwordcount="3" charcount="21" latest="1">Alfa Laval Connectivity</line>
          <line id="20502903" lineid="2" version="1" context="sdl:textbox; x-tm-header-footer" wordcount="2" altwordcount="2" charcount="9" latest="1">Appendix C</line>
          <line id="20502902" lineid="1" version="1" context="x-tm-header-footer" wordcount="1" altwordcount="1" charcount="5" latest="1">page &lt;1/&gt;&lt;2&gt;/&lt;3/&gt;&lt;/2&gt;</line>
          <line id="20502938" lineid="37" version="1" context="sdl:paragraph" wordcount="11" altwordcount="11" charcount="55" latest="1">The hardware is designed to reduce the risk of attacks/breaches.</line>
          <line id="20502963" lineid="62" version="1" context="sdl:paragraph" wordcount="13" altwordcount="13" charcount="52" latest="1">The Azure IoT Hub can not open up any connections to the device.</line>
          <line id="20502964" lineid="63" version="1" context="sdl:paragraph" wordcount="3" altwordcount="3" charcount="19" latest="1">Safe Message Delivery</line>
          <line id="20502965" lineid="64" version="1" context="sdl:paragraph" wordcount="24" altwordcount="24" charcount="122" latest="1">The IoT hub store all messages for all the devices in individual ques enabling the devices to fetch the messages when connections are available.</line>
          <line id="20502966" lineid="65" version="1" context="sdl:paragraph" wordcount="3" altwordcount="3" charcount="22" latest="1">Durable message delivery</line>
          <line id="20502967" lineid="66" version="1" context="sdl:paragraph" wordcount="15" altwordcount="15" charcount="91" latest="1">To ensure durable message delivery the system includes acknowledgement in response to each message sent.</line>
          <line id="20502968" lineid="67" version="1" context="sdl:paragraph" wordcount="16" altwordcount="16" charcount="85" latest="1">Additional durability is achieved by cashing messages in the Azure IoT hub(Cloud) for several days.</line>
          <line id="20502969" lineid="68" version="1" context="sdl:paragraph" wordcount="2" altwordcount="2" charcount="8" latest="1">The Cloud</line>
          <line id="20502939" lineid="38" version="1" context="sdl:paragraph" wordcount="14" altwordcount="14" charcount="69" latest="1">For example it only includes USB ports necessary for the operation of the device.</line>
          <line id="20502940" lineid="39" version="1" context="sdl:paragraph" wordcount="11" altwordcount="11" charcount="57" latest="1">Any additional ports could open the device up for possible attacks.</line>
          <line id="20502941" lineid="40" version="1" context="sdl:paragraph" wordcount="3" altwordcount="3" charcount="19" latest="1">Tamper proof hardware</line>
          <line id="20502942" lineid="41" version="1" context="x-tm-listitem" wordcount="25" altwordcount="25" charcount="119" latest="1">Built in mechanisms to detect and record physical tampering are included such as opening of the device cover or removing a part of the device.</line>
          <line id="20502943" lineid="42" version="1" context="sdl:paragraph" wordcount="2" altwordcount="2" charcount="13" latest="1">FGW connection</line>
          <line id="20502944" lineid="43" version="1" context="x-tm-listitem" wordcount="7" altwordcount="7" charcount="48" latest="1">Devices do not accept unsolicited network connections.</line>
          <line id="20502945" lineid="44" version="1" context="x-tm-listitem" wordcount="11" altwordcount="11" charcount="65" latest="1">The Device establish all connections and routes in an outbound-only fashion</line>
          <line id="20502946" lineid="45" version="1" context="x-tm-listitem" wordcount="23" altwordcount="23" charcount="111" latest="1">Devices only connect to or establish routes to well-known services with which they are peered with such as an Azure IoT Hub(Cloud).</line>
          <line id="20502947" lineid="46" version="1" context="sdl:paragraph" wordcount="6" altwordcount="6" charcount="43" latest="1">FGWs securely deployed provisioned and upgraded</line>
          <line id="20502948" lineid="47" version="1" context="x-tm-listitem" wordcount="30" altwordcount="30" charcount="135" latest="1">Device ID is associated with the device serial number as a proxy since it must be possible to exchange the hardware but allow the logical device to remain the same</line>
          <line id="20502949" lineid="48" version="1" context="x-tm-listitem" wordcount="25" altwordcount="25" charcount="133" latest="1">The Azure IoT Suite provides each Device with an unique identity key (security token) which is used to securely communicate with the Device during operation</line>
          <line id="20502950" lineid="49" version="1" context="x-tm-listitem" wordcount="19" altwordcount="19" charcount="120" latest="1">Firmware upgrades in the field are made possible by providing secure communication paths and cryptographic assurance of firmware versions.</line>
          <line id="20502951" lineid="50" version="1" context="sdl:paragraph" wordcount="3" altwordcount="3" charcount="26" latest="1">Secure device authentication</line>
          <line id="20502983" lineid="82" version="1" context="sdl:paragraph" wordcount="40" altwordcount="40" charcount="181" latest="1">The Azure IoT Suite secures devices while they are out in the field by providing a unique identity key for each device which can be used by the IoT infrastructure to communicate with the device while it is in operation.</line>
          <line id="20502984" lineid="83" version="1" context="sdl:paragraph" wordcount="26" altwordcount="26" charcount="118" latest="1">The generated key with a user-selected device ID forms the basis of a token used in all communication between the device and the Azure IoT Hub.</line>
          <line id="20502985" lineid="84" version="1" context="sdl:paragraph" wordcount="5" altwordcount="5" charcount="27" latest="1">Azure IoT Hub identity registry</line>
          <line id="20502986" lineid="85" version="1" context="sdl:paragraph" wordcount="12" altwordcount="12" charcount="69" latest="1">Provides secure storage of device identities and security keys for the solution.</line>
          <line id="20502987" lineid="86" version="1" context="sdl:paragraph" wordcount="23" altwordcount="23" charcount="113" latest="1">Individual or groups of device identities can be added to an allow list or a block list enabling complete control over device access.</line>
          <line id="20502988" lineid="87" version="1" context="sdl:paragraph" wordcount="12" altwordcount="12" charcount="69" latest="1">This association and disassociation of devices is based on each device identity.</line>
          <line id="20502952" lineid="51" version="1" context="x-tm-listitem" wordcount="30" altwordcount="30" charcount="144" latest="1">The Azure IoT suite provides unique identity keys (security tokens) for each Device which are used by the Device to communicate with the IoT Hub(Cloud) in a secure manner.</line>
          <line id="20502953" lineid="52" version="1" context="x-tm-listitem" wordcount="20" altwordcount="20" charcount="100" latest="1">The benefits with security tokens are that they are limited in scope and time validity compared to fixed security keys.</line>
          <line id="20502954" lineid="53" version="1" context="sdl:paragraph" wordcount="2" altwordcount="2" charcount="8" latest="1">Event Log</line>
          <line id="20502955" lineid="54" version="1" context="sdl:paragraph" wordcount="28" altwordcount="28" charcount="146" latest="1">The Device Operating system provided built-in event logging which is sent as a separate telemetry stream to the cloud service where it can be analysed for security breaches.</line>
          <line id="20502956" lineid="55" version="1" context="sdl:paragraph" wordcount="1" altwordcount="1" charcount="8" latest="1">Firewall</line>
          <line id="20502957" lineid="56" version="1" context="x-tm-listitem" wordcount="15" altwordcount="15" charcount="90" latest="1">&lt;1&gt;The Device includes the latest &lt;/1&gt;&lt;2&gt;antivirus and antimalware SW available for the selected operating system.&lt;/2&gt;</line>
          <line id="20502958" lineid="57" version="1" context="sdl:paragraph" wordcount="2" altwordcount="2" charcount="13" latest="1">The Connection</line>
          <line id="20502959" lineid="58" version="1" context="sdl:paragraph" wordcount="2" altwordcount="2" charcount="16" latest="1">Secure Connection</line>
          <line id="20502960" lineid="59" version="1" context="sdl:paragraph" wordcount="15" altwordcount="15" charcount="98" latest="1">Efficiency and secure HTTPS (port 443) communications are used to ensure conservation of communication resources</line>
          <line id="20502961" lineid="60" version="1" context="sdl:paragraph" wordcount="27" altwordcount="27" charcount="155" latest="1">The communication path between the device and the Azure IoT Hub use industry standard Transport Layer Security(TLS) and are authenticated using the industry standard X.509 protocol</line>
          <line id="20502962" lineid="61" version="1" context="sdl:paragraph" wordcount="11" altwordcount="11" charcount="60" latest="1">To protect the device all communications are initiated by the device.</line>
          <line id="20502970" lineid="69" version="1" context="sdl:paragraph" wordcount="3" altwordcount="3" charcount="18" latest="1">Azure assumed breach</line>
          <line id="20502971" lineid="70" version="1" context="sdl:paragraph" wordcount="27" altwordcount="27" charcount="158" latest="1">A dedicated Microsoft “Red Team” of software security experts who simulate attacks testing the ability of Azure to detect protect against emerging threats and recover from breaches.</line>
          <line id="20502972" lineid="71" version="1" context="sdl:paragraph" wordcount="4" altwordcount="4" charcount="27" latest="1">Azure Global incident response</line>
          <line id="20502973" lineid="72" version="1" context="sdl:paragraph" wordcount="15" altwordcount="15" charcount="73" latest="1">A 24/7 Microsoft team works to mitigate the effects of attacks and malicious activity.</line>
          <line id="20502974" lineid="73" version="1" context="sdl:paragraph" wordcount="22" altwordcount="22" charcount="158" latest="1">The team follows established procedures for incident management communication and recovery and uses discoverable and predictable interfaces with internal and external partners.</line>
          <line id="20502975" lineid="74" version="1" context="sdl:paragraph" wordcount="3" altwordcount="3" charcount="23" latest="1">Azure intrusion detection</line>
          <line id="20502976" lineid="75" version="1" context="sdl:paragraph" wordcount="24" altwordcount="24" charcount="166" latest="1">The Azure platform provide continuous intrusion detection and prevention service attack prevention regular penetration testing and forensic tools that help identify and mitigate threats.</line>
          <line id="20502977" lineid="76" version="1" context="sdl:paragraph" wordcount="3" altwordcount="3" charcount="20" latest="1">Azure active directory</line>
          <line id="20502978" lineid="77" version="1" context="sdl:paragraph" wordcount="26" altwordcount="26" charcount="160" latest="1">&lt;1&gt;Easy and secure  solution to give employees and business partners single sign-on (SSO) access to&amp;nbsp;&lt;/1&gt;&lt;2&gt;thousands of cloud SaaS Applications&lt;/2&gt;&lt;3&gt;&amp;nbsp;like Office365 Salesforce.com DropBox and Concur.&lt;/3&gt;</line>
          <line id="20502979" lineid="78" version="1" context="x-tm-tag; sdl:transunit-ref" wordcount="1" altwordcount="1" charcount="91" latest="1">https://docs.microsoft.com/en-us/azure/active-directory/active-directory-saas-tutorial-list</line>
          <line id="20502980" lineid="79" version="1" context="sdl:paragraph" wordcount="2" altwordcount="2" charcount="26" latest="1">Multi-factor authentication</line>
          <line id="20502981" lineid="80" version="1" context="sdl:paragraph" wordcount="15" altwordcount="15" charcount="69" latest="1">Provides an extra layer of security for end users to access the Azure IoT solution.</line>
          <line id="20502982" lineid="81" version="1" context="sdl:paragraph" wordcount="5" altwordcount="5" charcount="41" latest="1">Secure device provisioning and authentication</line>
        </src>
        <tgt>
          <line id="22355868" lineid="1" version="1" match="99">&lt;1/&gt;side /</line>
          <line id="22355869" lineid="2" version="1" match="91">Bilag 1:</line>
          <line id="22355870" lineid="3" version="1" match="88">Alfa Laval T8</line>
          <line id="22355871" lineid="4" version="1" match="0">Connectivity Security Overview</line>
          <line id="22355872" lineid="5" version="1" match="99">September 2017</line>
          <line id="22355873" lineid="6" version="1" lock="1" match="100" latest="1">Introduktion</line>
          <line id="22355874" lineid="7" version="1" match="0">Alfa Laval has developed a Connectivity Platform supporting the company in the development of digital services such as Conditioned Monitoring Collecting Runtime Data Remote Commissioning Trend Analysis and more.</line>
          <line id="22355875" lineid="8" version="1" match="0">When connecting devices and machines to the “Internet of Things” it is important to have a basic understanding of relevant security topics.</line>
          <line id="22355876" lineid="9" version="1" match="0">To secure a competitive and efficient solution the Alfa Laval Connectivity infrastructure is based on standard technologies protocols and practices – all supported by modern security standards.</line>
          <line id="22355877" lineid="10" version="1" match="0">For the purpose of creating a good understanding the presentation is split into the three main parts that make up the connectivity platform: the device the connection and the cloud.</line>
          <line id="22355878" lineid="11" version="1" match="0">&lt;1&gt;The Device:&lt;/1&gt; An industrial standard rugged PC also called the &lt;2&gt;Field Gateway&lt;/2&gt; (FGW) is capable of working in temperatures between -30 to +70 degrees C.</line>
          <line id="22355879" lineid="12" version="1" match="0">This is the unit connecting existing or new equipment to the internet.</line>
          <line id="22355880" lineid="13" version="1" match="0">&lt;1&gt;The Connection:&lt;/1&gt; Can be either 3G/4G Ethernet Wi-Fi or Bluetooth.</line>
          <line id="22355881" lineid="14" version="1" match="0">&lt;1&gt;The Cloud:&lt;/1&gt; Microsoft’s Azure solution.</line>
          <line id="22355882" lineid="15" version="1" match="0">The Device</line>
          <line id="22355883" lineid="16" version="1" match="91">- Tilslutning</line>
          <line id="22355884" lineid="17" version="1" match="0">&lt;1/&gt;&lt;2&gt;The Cloud&lt;/2&gt;</line>
          <line id="22355885" lineid="18" version="1" match="0">The hardware is designed to reduce the risk of attacks &amp;amp; breaches</line>
          <line id="22355886" lineid="19" version="1" match="0">Tamperproof hardware</line>
          <line id="22355887" lineid="20" version="1" match="0">Only outbound connections</line>
          <line id="22355888" lineid="21" version="1" match="0">Secure deployment provisioning and upgrades</line>
          <line id="22355889" lineid="22" version="1" match="0">Secure authentication</line>
          <line id="22355890" lineid="23" version="1" match="0">Event Log</line>
          <line id="22355891" lineid="24" version="1" match="0" confirmed="1" latest="1">Firewall</line>
          <line id="22355892" lineid="25" version="1" match="83">- Tilslutning</line>
          <line id="22355893" lineid="26" version="1" match="0">Safe message delivery</line>
          <line id="22355894" lineid="27" version="1" match="0">Durable message delivery</line>
          <line id="22355895" lineid="28" version="1" match="0" confirmed="1" latest="1">Azure Assume breach</line>
          <line id="22355896" lineid="29" version="1" match="0">Azure Global incident response</line>
          <line id="22355897" lineid="30" version="1" match="0">Azure intrusion detection</line>
          <line id="22355898" lineid="31" version="1" match="0">Azure active directory</line>
          <line id="22355899" lineid="32" version="1" match="0">Multi-factor authentication</line>
          <line id="22355900" lineid="33" version="1" match="0">Secure device provisioning and authentication</line>
          <line id="22355901" lineid="34" version="1" match="0">Azure IoT Hub identity registry</line>
          <line id="22355902" lineid="35" version="1" match="0">The Device</line>
          <line id="22355903" lineid="36" version="1" match="0">Hardware design with focus on security</line>
          <line id="22355904" lineid="37" version="1" match="0">The hardware is designed to reduce the risk of attacks/breaches.</line>
          <line id="22355905" lineid="38" version="1" match="0">For example it only includes USB ports necessary for the operation of the device.</line>
          <line id="22355906" lineid="39" version="1" match="0">Any additional ports could open the device up for possible attacks.</line>
          <line id="22355907" lineid="40" version="1" match="0">Tamper proof hardware</line>
          <line id="22355908" lineid="41" version="1" match="0">Built in mechanisms to detect and record physical tampering are included such as opening of the device cover or removing a part of the device.</line>
          <line id="22355909" lineid="42" version="1" match="83">- Tilslutning</line>
          <line id="22355910" lineid="43" version="1" match="0">Devices do not accept unsolicited network connections.</line>
          <line id="22355911" lineid="44" version="1" match="0">The Device establish all connections and routes in an outbound-only fashion</line>
          <line id="22355912" lineid="45" version="1" match="0">Devices only connect to or establish routes to well-known services with which they are peered with such as an Azure IoT Hub(Cloud).</line>
          <line id="22355913" lineid="46" version="1" match="0">FGWs securely deployed provisioned and upgraded</line>
          <line id="22355914" lineid="47" version="1" match="0">Device ID is associated with the device serial number as a proxy since it must be possible to exchange the hardware but allow the logical device to remain the same</line>
          <line id="22355915" lineid="48" version="1" match="0">The Azure IoT Suite provides each Device with an unique identity key (security token) which is used to securely communicate with the Device during operation</line>
          <line id="22355916" lineid="49" version="1" match="0">Firmware upgrades in the field are made possible by providing secure communication paths and cryptographic assurance of firmware versions.</line>
          <line id="22355917" lineid="50" version="1" match="0">Secure device authentication</line>
          <line id="22355918" lineid="51" version="1" match="0">The Azure IoT suite provides unique identity keys (security tokens) for each Device which are used by the Device to communicate with the IoT Hub(Cloud) in a secure manner.</line>
          <line id="22355919" lineid="52" version="1" match="0">The benefits with security tokens are that they are limited in scope and time validity compared to fixed security keys.</line>
          <line id="22355920" lineid="53" version="1" match="0">Event Log</line>
          <line id="22355921" lineid="54" version="1" match="0">The Device Operating system provided built-in event logging which is sent as a separate telemetry stream to the cloud service where it can be analysed for security breaches.</line>
          <line id="22355922" lineid="55" version="1" match="0">Firewall</line>
          <line id="22355923" lineid="56" version="1" match="0">&lt;1&gt;The Device includes the latest &lt;/1&gt;&lt;2&gt;antivirus and antimalware SW available for the selected operating system.&lt;/2&gt;</line>
          <line id="22355924" lineid="57" version="1" match="91">- Tilslutning</line>
          <line id="22355925" lineid="58" version="1" match="91">- Tilslutning</line>
          <line id="22355926" lineid="59" version="1" match="0">Efficiency and secure HTTPS (port 443) communications are used to ensure conservation of communication resources</line>
          <line id="22355927" lineid="60" version="1" match="0">The communication path between the device and the Azure IoT Hub use industry standard Transport Layer Security(TLS) and are authenticated using the industry standard X.509 protocol</line>
          <line id="22355928" lineid="61" version="1" match="0">To protect the device all communications are initiated by the device.</line>
          <line id="22355929" lineid="62" version="1" match="0">The Azure IoT Hub can not open up any connections to the device.</line>
          <line id="22355930" lineid="63" version="1" match="0">Safe Message Delivery</line>
          <line id="22355931" lineid="64" version="1" match="0">The IoT hub store all messages for all the devices in individual ques enabling the devices to fetch the messages when connections are available.</line>
          <line id="22355932" lineid="65" version="1" match="0">Durable message delivery</line>
          <line id="22355933" lineid="66" version="1" match="0">To ensure durable message delivery the system includes acknowledgement in response to each message sent.</line>
          <line id="22355934" lineid="67" version="1" match="0">Additional durability is achieved by cashing messages in the Azure IoT hub(Cloud) for several days.</line>
          <line id="22355935" lineid="68" version="1" match="0">The Cloud</line>
          <line id="22355936" lineid="69" version="1" match="0" confirmed="1" latest="1">Azure assumed breach</line>
          <line id="22355937" lineid="70" version="1" match="0">A dedicated Microsoft “Red Team” of software security experts who simulate attacks testing the ability of Azure to detect protect against emerging threats and recover from breaches.</line>
          <line id="22355938" lineid="71" version="1" match="0">Azure Global incident response</line>
          <line id="22355939" lineid="72" version="1" match="0">A 24/7 Microsoft team works to mitigate the effects of attacks and malicious activity.</line>
          <line id="22355940" lineid="73" version="1" match="0">The team follows established procedures for incident management communication and recovery and uses discoverable and predictable interfaces with internal and external partners.</line>
          <line id="22355941" lineid="74" version="1" match="0">Azure intrusion detection</line>
          <line id="22355942" lineid="75" version="1" match="0">The Azure platform provide continuous intrusion detection and prevention service attack prevention regular penetration testing and forensic tools that help identify and mitigate threats.</line>
          <line id="22355943" lineid="76" version="1" match="0">Azure active directory</line>
          <line id="22355944" lineid="77" version="1" match="0">&lt;1&gt;Easy and secure  solution to give employees and business partners single sign-on (SSO) access to&amp;nbsp;&lt;/1&gt;&lt;2&gt;thousands of cloud SaaS Applications&lt;/2&gt;&lt;3&gt;&amp;nbsp;like Office365 Salesforce.com DropBox and Concur.&lt;/3&gt;</line>
          <line id="22355945" lineid="78" version="1" match="0" confirmed="1" latest="1">https://docs.microsoft.com/en-us/azure/active-directory/active-directory-saas-tutorial-list</line>
          <line id="22355946" lineid="79" version="1" match="0">Multi-factor authentication</line>
          <line id="22355947" lineid="80" version="1" match="0">Provides an extra layer of security for end users to access the Azure IoT solution.</line>
          <line id="22355948" lineid="81" version="1" match="0">Secure device provisioning and authentication</line>
          <line id="22355949" lineid="82" version="1" match="0">The Azure IoT Suite secures devices while they are out in the field by providing a unique identity key for each device which can be used by the IoT infrastructure to communicate with the device while it is in operation.</line>
          <line id="22355950" lineid="83" version="1" match="0">The generated key with a user-selected device ID forms the basis of a token used in all communication between the device and the Azure IoT Hub.</line>
          <line id="22355951" lineid="84" version="1" match="0">Azure IoT Hub identity registry</line>
          <line id="22355952" lineid="85" version="1" match="0">Provides secure storage of device identities and security keys for the solution.</line>
          <line id="22355953" lineid="86" version="1" match="0">Individual or groups of device identities can be added to an allow list or a block list enabling complete control over device access.</line>
          <line id="22355954" lineid="87" version="1" match="0">This association and disassociation of devices is based on each device identity.</line>
          <line id="24025537" lineid="1" version="2" match="100" confirmed="1" latest="1">side &lt;1/&gt;&lt;2&gt;/&lt;3/&gt;&lt;/2&gt;</line>
          <line id="24025538" lineid="2" version="2" match="0" confirmed="1" latest="1">Bilag C</line>
          <line id="24025539" lineid="3" version="2" match="0" confirmed="1" latest="1">Alfa Laval Tilslutning</line>
          <line id="24025540" lineid="4" version="2" match="0" confirmed="1" latest="1">Oversigt over tilslutningssikkerhed</line>
          <line id="24025541" lineid="5" version="2" match="100" confirmed="1" latest="1">September 2017</line>
          <line id="24025542" lineid="7" version="2" match="0" confirmed="1" latest="1">Alfa Laval har udviklet en Tilslutningsplatform der støtter virksomheden i udviklingen af digitale tjenester som for eksempel Betinget overvågning Indsamling af runtime-data Ekstern idriftsættelse Tendensanalyse og mere.</line>
          <line id="24025543" lineid="8" version="2" match="0" confirmed="1" latest="1">Ved tilslutning af enheder og maskiner til "tingenes internet" er det vigtigt med en grundlæggende forståelse af relevante sikkerhedsemner.</line>
          <line id="24025544" lineid="9" version="2" match="0" confirmed="1" latest="1">For at sikre en konkurrencedygtig og effektiv løsning er Alfa Lavals Tilslutningsinfrastruktur baseret på standardteknologier -protokoller og -praksis – alt sammen understøttet af moderne sikkerhedsstandarder.</line>
          <line id="24025545" lineid="10" version="2" match="0" confirmed="1" latest="1">Med det formål at skabe en god forståelse er præsentationen opdelt i tre hoveddele som udgør tilslutningsplatformen: enheden forbindelsen og skyen.</line>
          <line id="24025546" lineid="11" version="2" match="0" confirmed="1" latest="1">&lt;1&gt;Enheden:&lt;/1&gt; En solid pc i industristandard også kaldet &lt;2&gt;Field Gateway&lt;/2&gt; (FGW) kan arbejde i temperaturer mellem -30 til +70 grader C.</line>
          <line id="24025547" lineid="12" version="2" match="0" confirmed="1" latest="1">Dette er enheden som forbinder eksisterende eller nyt udstyr med internettet.</line>
          <line id="24025548" lineid="13" version="2" match="0" confirmed="1" latest="1">&lt;1&gt;Forbindelsen:&lt;/1&gt; Kan være enten 3G/4G Ethernet Wi-Fi eller Bluetooth.</line>
          <line id="24025549" lineid="14" version="2" match="0" confirmed="1" latest="1">&lt;1&gt;Skyen:&lt;/1&gt; Microsofts Azure-løsning.</line>
          <line id="24025550" lineid="15" version="2" match="0" confirmed="1" latest="1">Enheden</line>
          <line id="24025551" lineid="16" version="2" match="0" confirmed="1" latest="1">Forbindelsen</line>
          <line id="24025552" lineid="17" version="2" match="0" confirmed="1" latest="1">&lt;1/&gt;&lt;2&gt;Skyen&lt;/2&gt;</line>
          <line id="24025553" lineid="18" version="2" match="0" confirmed="1" latest="1">Hardwaren er konstrueret til at formindske risikoen for angreb og brud</line>
          <line id="24025554" lineid="19" version="2" match="0" confirmed="1" latest="1">Manipulationssikker hardware</line>
          <line id="24025555" lineid="20" version="2" match="0" confirmed="1" latest="1">Kun udgående forbindelser</line>
          <line id="24025556" lineid="21" version="2" match="0" confirmed="1" latest="1">Sikker udrulning klargøring og opgradering</line>
          <line id="24025557" lineid="22" version="2" match="0" confirmed="1" latest="1">Sikker godkendelse</line>
          <line id="24025558" lineid="23" version="2" match="100" confirmed="1" latest="1">Hændelseslog</line>
          <line id="24025559" lineid="25" version="2" match="0" confirmed="1" latest="1">Sikker forbindelse</line>
          <line id="24025560" lineid="26" version="2" match="0" confirmed="1" latest="1">Sikker levering af meddelelser</line>
          <line id="24025561" lineid="27" version="2" match="0" confirmed="1" latest="1">Stabil levering af meddelelser</line>
          <line id="24025562" lineid="29" version="2" match="0" confirmed="1" latest="1">Azure global hændelsesrespons</line>
          <line id="24025563" lineid="30" version="2" match="0" confirmed="1" latest="1">Azure-registrering af indtrængning</line>
          <line id="24025564" lineid="31" version="2" match="0" confirmed="1" latest="1">Azure Active Directory</line>
          <line id="24025565" lineid="32" version="2" match="0" confirmed="1" latest="1">Flerfaktor-godkendelse</line>
          <line id="24025566" lineid="33" version="2" match="0" confirmed="1" latest="1">Sikker klargøring og godkendelse af enheder</line>
          <line id="24025567" lineid="34" version="2" match="0" confirmed="1" latest="1">Azure IoT Hub-identitetsregister</line>
          <line id="24025568" lineid="35" version="2" match="100" confirmed="1" auto="1" latest="1">Enheden</line>
          <line id="24025569" lineid="36" version="2" match="0" confirmed="1" latest="1">Hardwaredesign med fokus på sikkerhed</line>
          <line id="24025570" lineid="37" version="2" match="0" confirmed="1" latest="1">Hardwaren er designet til at formindske risikoen for angreb/brud.</line>
          <line id="24025571" lineid="38" version="2" match="0" confirmed="1" latest="1">Den har for eksempel kun USB-porte der er nødvendige for driften af enheden.</line>
          <line id="24025572" lineid="39" version="2" match="0" confirmed="1" latest="1">Yderligere porte kan åbne enheden op for mulige angreb.</line>
          <line id="24025573" lineid="40" version="2" match="0" confirmed="1" latest="1">Manipulationssikker hardware</line>
          <line id="24025574" lineid="41" version="2" match="0" confirmed="1" latest="1">Indbyggede mekanismer til at detektere og registrere fysisk manipulation er medtaget for eksempel åbning af enhedsdæksel eller afmontering af en komponent på enheden.</line>
          <line id="24025575" lineid="42" version="2" match="0" confirmed="1" latest="1">FGW-tilslutning</line>
          <line id="24025576" lineid="43" version="2" match="0" confirmed="1" latest="1">Enheder accepterer ikke uønskede netværksforbindelser.</line>
          <line id="24025577" lineid="44" version="2" match="0" confirmed="1" latest="1">Enheden opretter alle forbindelser og ruter men kun udgående</line>
          <line id="24025578" lineid="45" version="2" match="0" confirmed="1" latest="1">Enheder opretter kun forbindelse til eller etablerer ruter til velkendte tjenester som de er sidestillet med for eksempel en Azure IoT Hub(Cloud).</line>
          <line id="24025579" lineid="46" version="2" match="0" confirmed="1" latest="1">Sikker udrulning klargøring og opgradering af FGW'er</line>
          <line id="24025580" lineid="47" version="2" match="0" confirmed="1" latest="1">Enheds-id er knyttet til enhedens serienummer som en proxy eftersom det skal være muligt at udskifte hardwaren men samtidig tillade den logiske enhed at være den samme</line>
          <line id="24025581" lineid="48" version="2" match="0" confirmed="1" latest="1">Azure IoT Suite giver hver enkelt Enhed en entydig identitetsnøgle (sikkerhedstoken) der bruges til at kommunikere sikkert med Enheden under drift</line>
          <line id="24025582" lineid="49" version="2" match="0" confirmed="1" latest="1">Firmwareopgraderinger i marken er gjort mulige ved at tilvejebringe sikre kommunikationsstier og kryptografisk sikring i firmwareversioner.</line>
          <line id="24025583" lineid="50" version="2" match="0" confirmed="1" latest="1">Sikker enhedsgodkendelse</line>
          <line id="24025584" lineid="51" version="2" match="0" confirmed="1" latest="1">Azure IoT Suite giver entydige identitetsnøgler (sikkerhedstokens) til hver enkelt Enhed der bruges af Enheden til at kommunikere med IoT Hub(Cloud) på en sikker måde.</line>
          <line id="24025585" lineid="52" version="2" match="0" confirmed="1" latest="1">Fordelene ved sikkerhedstokens er at de er begrænset i omfang og tidsgyldighed sammenlignet med faste sikkerhedsnøgler.</line>
          <line id="24025586" lineid="53" version="2" match="0" confirmed="1" latest="1">Hændelseslog</line>
          <line id="24025587" lineid="54" version="2" match="0" confirmed="1" latest="1">Enhedens Styresystem har indbygget logføring af hændelser der sendes som en separat telemetri-strøm til den skybaserede tjeneste hvor den kan analyseres for sikkerhedsbrud.</line>
          <line id="24025588" lineid="55" version="2" match="100" confirmed="1" auto="1" latest="1">Firewall</line>
          <line id="24025589" lineid="56" version="2" match="0" confirmed="1" latest="1">&lt;1&gt;Enheden indeholder den nyeste &lt;/1&gt;&lt;2&gt;antivirus- og antimalwaresoftware der kan fås til det valgte styresystem.&lt;/2&gt;</line>
          <line id="24025590" lineid="57" version="2" match="100" confirmed="1" auto="1" latest="1">Forbindelsen</line>
          <line id="24025591" lineid="58" version="2" match="96" confirmed="1" latest="1">Sikker forbindelse</line>
          <line id="24025592" lineid="59" version="2" match="0" confirmed="1" latest="1">Effektiv og sikker HTTPS-kommunikation (port 443) bruges for at sikre at der spares på kommunikationsressourcer</line>
          <line id="24025593" lineid="60" version="2" match="0" confirmed="1" latest="1">Kommunikationsstien mellem enheden og Azure IoT Hub bruger branchestandarden TLS (Transport Layer Security) og godkendes ved hjælp af X.509-standardprotokollen</line>
          <line id="24025594" lineid="61" version="2" match="0" confirmed="1" latest="1">Af hensyn til beskyttelse af enheden påbegyndes al kommunikation af enheden.</line>
          <line id="24025595" lineid="62" version="2" match="0" confirmed="1" latest="1">Azure IoT Hub kan ikke oprette forbindelser til enheden.</line>
          <line id="24025596" lineid="63" version="2" match="94" confirmed="1" latest="1">Sikker levering af meddelelser</line>
          <line id="24025597" lineid="64" version="2" match="0" confirmed="1" latest="1">IoT Hub gemmer alle meddelelser til alle enhederne i enkeltvise køer så enhederne kan hente meddelelserne når der er tilgængelige forbindelser.</line>
          <line id="24025598" lineid="65" version="2" match="0" confirmed="1" latest="1">Stabil levering af meddelelser</line>
          <line id="24025599" lineid="66" version="2" match="0" confirmed="1" latest="1">For at sikre stabil levering af meddelelser indeholder systemet bekræftelse som respons på hver enkelt sendt meddelelse.</line>
          <line id="24025600" lineid="67" version="2" match="0" confirmed="1" latest="1">Yderligere stabilitet opnås ved at cachelagre meddelelser i Azure IoT hub(Cloud) i flere dage.</line>
          <line id="24025601" lineid="68" version="2" match="0" confirmed="1" latest="1">Skyen</line>
          <line id="24025602" lineid="70" version="2" match="0" confirmed="1" latest="1">Et dedikeret Microsoft "Red Team" af softwaresikkerhedseksperter som simulerer angreb tester Azures evne til at registrere beskytter mod nye trusler og genopretter efter sikkerhedsbrud.</line>
          <line id="24025603" lineid="71" version="2" match="100" confirmed="1" auto="1" latest="1">Azure global hændelsesrespons</line>
          <line id="24025604" lineid="72" version="2" match="0" confirmed="1" latest="1">Et Microsoft-team arbejder 24/7 på at afbøde virkningerne af angreb og ondsindet aktivitet.</line>
          <line id="24025605" lineid="73" version="2" match="0" confirmed="1" latest="1">Teamet følger fastlagte procedurer for hændelsesstyring kommunikation og genoprettelse samt bruger synlige og forudsigelige grænseflader med interne og eksterne partnere.</line>
          <line id="24025606" lineid="74" version="2" match="100" confirmed="1" auto="1" latest="1">Azure-registrering af indtrængning</line>
          <line id="24025607" lineid="75" version="2" match="0" confirmed="1" latest="1">Azure-platformen leverer kontinuerlig registrering og forebyggelse af indtrængning forebyggelse af serviceangreb regelmæssige indtrængningstest og retstekniske værktøjer der bidrager til at identificere og afbøde trusler.</line>
          <line id="24025608" lineid="76" version="2" match="100" confirmed="1" latest="1">Azure Active Directory</line>
          <line id="24025609" lineid="77" version="2" match="0" confirmed="1" latest="1">Nem og sikker løsning der giver medarbejdere og forretnings&lt;1&gt;partnere SSO-adgang (Single Sign-On) til&amp;nbsp;&lt;/1&gt;&lt;2&gt;tusinder af skybaserede SaaS-applikationer&lt;/2&gt;&lt;3&gt;&amp;nbsp;som for eksempel Office365 Salesforce.com DropBox og Concur.&lt;/3&gt;</line>
          <line id="24025610" lineid="79" version="2" match="100" confirmed="1" auto="1" latest="1">Flerfaktor-godkendelse</line>
          <line id="24025611" lineid="80" version="2" match="0" confirmed="1" latest="1">Tilfører et ekstra sikkerhedslag for slutbrugere ved adgang til Azure IoT-løsningen.</line>
          <line id="24025612" lineid="81" version="2" match="100" confirmed="1" auto="1" latest="1">Sikker klargøring og godkendelse af enheder</line>
          <line id="24025613" lineid="82" version="2" match="0" confirmed="1" latest="1">Azure IoT Suite beskytter enheder mens de er ude i marken ved at give en entydig identitetsnøgle til hver enkelt enhed som kan bruges af IoT-infrastrukturen til at kommunikere med enheden mens den er i drift.</line>
          <line id="24025614" lineid="83" version="2" match="0" confirmed="1" latest="1">Den genererede nøgle med et brugervalgt enheds-id danner grundlaget for et token der bruges i al kommunikation mellem enheden og Azure IoT Hub.</line>
          <line id="24025615" lineid="84" version="2" match="100" confirmed="1" auto="1" latest="1">Azure IoT Hub-identitetsregister</line>
          <line id="24025616" lineid="85" version="2" match="0" confirmed="1" latest="1">Leverer sikker lagring af enhedsidentiteter og sikkerhedsnøgler til løsningen.</line>
          <line id="24025617" lineid="86" version="2" match="0" confirmed="1" latest="1">Enkeltstående eller grupper af enhedsidentiteter kan føjes til en tilladelsesliste eller en blokeringsliste der giver fuldstændig kontrol over enhedsadgang.</line>
          <line id="24025618" lineid="87" version="2" match="0" confirmed="1" latest="1">Denne tilknytning og fjernelse af tilknytning af enheder er baseret på hver enkelt enhedsidentitet.</line>
        </tgt>
      </segments>
      <events>
        <event id="3945458" time="2017-10-20T13:36:02" server="SNJTMS290">
          <wfs wfsid="10031" wfsname="Scan" wfsdesc="Scans the file to determine encoding type." orgid="1" statusid1="180" statusid2="181" interface="SCAN_FILE_TYPE" system="1" static="1" />
          <action id="1" name="ACTION_SUBMITTED" ltid="1557">Submitted To</action>
          <errcode code="0" module="System" severity="Success" identifier="SDL_ERR_OK" desc="Everything was OK." />
        </event>
        <event id="3945460" time="2017-10-20T13:36:02" server="SNJTMS290">
          <wfs wfsid="10031" wfsname="Scan" wfsdesc="Scans the file to determine encoding type." orgid="1" statusid1="180" statusid2="181" interface="SCAN_FILE_TYPE" system="1" static="1" />
          <action id="25" name="ACTION_STAGE_STARTING" ltid="10070">Starting</action>
          <errcode code="1076494343" module="System" severity="Informational" identifier="SDL_ERR_STAGE_STARTING" desc="Step execution starting." />
        </event>
        <event id="3945465" time="2017-10-20T13:36:02" server="SNJTMS290">
          <wfs wfsid="10031" wfsname="Scan" wfsdesc="Scans the file to determine encoding type." orgid="1" statusid1="180" statusid2="181" interface="SCAN_FILE_TYPE" system="1" static="1" />
          <action id="13" name="ACTION_STAGE_RESULT" ltid="4125">Step Result</action>
          <errcode code="0" module="System" severity="Success" identifier="SDL_ERR_OK" desc="Everything was OK." />
        </event>
        <event id="3945469" time="2017-10-20T13:36:02" server="SNJTMS290">
          <wfs wfsid="2" wfsname="Pre-processing" wfsdesc="In the Pre-processing step SDLTMS uses a filter to detect translatable content within an item and segment the content ready for translation. Once segmented, a sequence of Translation Memories are applied to match any previously translated segments." orgid="1" statusid1="25" statusid2="5" interface="PRE_PROCESS" system="1" static="1" />
          <action id="1" name="ACTION_SUBMITTED" ltid="1557">Submitted To</action>
          <errcode code="0" module="System" severity="Success" identifier="SDL_ERR_OK" desc="Everything was OK." />
        </event>
        <event id="3945480" time="2017-10-20T13:36:07" server="SNJTMS290">
          <wfs wfsid="2" wfsname="Pre-processing" wfsdesc="In the Pre-processing step SDLTMS uses a filter to detect translatable content within an item and segment the content ready for translation. Once segmented, a sequence of Translation Memories are applied to match any previously translated segments." orgid="1" statusid1="25" statusid2="5" interface="PRE_PROCESS" system="1" static="1" />
          <action id="25" name="ACTION_STAGE_STARTING" ltid="10070">Starting</action>
          <errcode code="1076494343" module="System" severity="Informational" identifier="SDL_ERR_STAGE_STARTING" desc="Step execution starting." />
        </event>
        <event id="3945485" time="2017-10-20T13:36:19" server="SNJTMS290">
          <wfs wfsid="2" wfsname="Pre-processing" wfsdesc="In the Pre-processing step SDLTMS uses a filter to detect translatable content within an item and segment the content ready for translation. Once segmented, a sequence of Translation Memories are applied to match any previously translated segments." orgid="1" statusid1="25" statusid2="5" interface="PRE_PROCESS" system="1" static="1" />
          <action id="12" name="ACTION_INFO" ltid="4126">Information</action>
          <errcode code="1075642466" module="Preprocessing" severity="Informational" identifier="SDL_ERR_PPT_PERFECT_MATCH_CONFIG_INFO" desc="PerfectMatch is enabled in the organization but the PerfectMatch options are not enabled in the configuration for this task." />
        </event>
        <event id="3945517" time="2017-10-20T13:38:19" comment="TM [AAC Global Master TM] TM Penalty [0%]" server="SNJTMS290">
          <wfs wfsid="2" wfsname="Pre-processing" wfsdesc="In the Pre-processing step SDLTMS uses a filter to detect translatable content within an item and segment the content ready for translation. Once segmented, a sequence of Translation Memories are applied to match any previously translated segments." orgid="1" statusid1="25" statusid2="5" interface="PRE_PROCESS" system="1" static="1" />
          <action id="12" name="ACTION_INFO" ltid="4126">Information</action>
          <errcode code="1075642459" module="Preprocessing" severity="Informational" identifier="SDL_ERR_APPLYING_TM_WITH_PENALTY" desc="Applying the TM using a TM match penalty." />
        </event>
        <event id="3945518" time="2017-10-20T13:38:19" comment="TM [Alfa Laval Master TM] TM Penalty [0%]" server="SNJTMS290">
          <wfs wfsid="2" wfsname="Pre-processing" wfsdesc="In the Pre-processing step SDLTMS uses a filter to detect translatable content within an item and segment the content ready for translation. Once segmented, a sequence of Translation Memories are applied to match any previously translated segments." orgid="1" statusid1="25" statusid2="5" interface="PRE_PROCESS" system="1" static="1" />
          <action id="12" name="ACTION_INFO" ltid="4126">Information</action>
          <errcode code="1075642459" module="Preprocessing" severity="Informational" identifier="SDL_ERR_APPLYING_TM_WITH_PENALTY" desc="Applying the TM using a TM match penalty." />
        </event>
        <event id="3945519" time="2017-10-20T13:38:19" comment="TM [Alfa Laval Legacy TM] TM Penalty [1%]" server="SNJTMS290">
          <wfs wfsid="2" wfsname="Pre-processing" wfsdesc="In the Pre-processing step SDLTMS uses a filter to detect translatable content within an item and segment the content ready for translation. Once segmented, a sequence of Translation Memories are applied to match any previously translated segments." orgid="1" statusid1="25" statusid2="5" interface="PRE_PROCESS" system="1" static="1" />
          <action id="12" name="ACTION_INFO" ltid="4126">Information</action>
          <errcode code="1075642459" module="Preprocessing" severity="Informational" identifier="SDL_ERR_APPLYING_TM_WITH_PENALTY" desc="Applying the TM using a TM match penalty." />
        </event>
        <event id="3945520" time="2017-10-20T13:38:23" server="SNJTMS290">
          <wfs wfsid="2" wfsname="Pre-processing" wfsdesc="In the Pre-processing step SDLTMS uses a filter to detect translatable content within an item and segment the content ready for translation. Once segmented, a sequence of Translation Memories are applied to match any previously translated segments." orgid="1" statusid1="25" statusid2="5" interface="PRE_PROCESS" system="1" static="1" />
          <action id="13" name="ACTION_STAGE_RESULT" ltid="4125">Step Result</action>
          <errcode code="0" module="System" severity="Success" identifier="SDL_ERR_OK" desc="Everything was OK." />
        </event>
        <event id="3945521" time="2017-10-20T13:38:23" server="SNJTMS290">
          <wfs wfsid="5" wfsname="Authorization" wfsdesc="Authorization is a user step where the user authorizes the costs associated with translation of a job into the required languages. Priority, workflow and due date information can be modified at task level where appropriate." orgid="1" statusid1="13" statusid2="2" interface="AUTHORIZE" system="0" static="1" />
          <action id="1" name="ACTION_SUBMITTED" ltid="1557">Submitted To</action>
          <errcode code="0" module="System" severity="Success" identifier="SDL_ERR_OK" desc="Everything was OK." />
        </event>
        <event id="3945571" time="2017-10-20T14:59:56" server="SNJTMS290">
          <usr usrid="458" email="anna.falk@aacglobal.com" usrname="Anna Falk" usrdesc="AAC Project Manager" />
          <action id="14" name="ACTION_DOWNLOAD" ltid="1254">Download</action>
          <errcode code="2818049" module="Download" severity="Success" identifier="SDL_ERR_ITD_DOWNLOAD_OK" desc="Bilingual file downloaded." />
        </event>
        <event id="3947886" time="2017-10-24T08:52:00" server="SNJTMS290">
          <usr usrid="458" email="anna.falk@aacglobal.com" usrname="Anna Falk" usrdesc="AAC Project Manager" />
          <wfs wfsid="5" wfsname="Authorization" wfsdesc="Authorization is a user step where the user authorizes the costs associated with translation of a job into the required languages. Priority, workflow and due date information can be modified at task level where appropriate." orgid="1" statusid1="13" statusid2="2" interface="AUTHORIZE" system="0" static="1" />
          <action id="13" name="ACTION_STAGE_RESULT" ltid="4125">Step Result</action>
          <errcode code="0" module="System" severity="Success" identifier="SDL_ERR_OK" desc="Everything was OK." />
        </event>
        <event id="3947887" time="2017-10-24T08:52:00" server="SNJTMS290">
          <usr usrid="458" email="anna.falk@aacglobal.com" usrname="Anna Falk" usrdesc="AAC Project Manager" />
          <wfs wfsid="10041" wfsname="Vendor Translation" wfsdesc="This stage allows the vendor to translate content." orgid="2" statusid1="200" statusid2="201" interface="TRANSLATE" system="0" static="0" />
          <action id="1" name="ACTION_SUBMITTED" ltid="1557">Submitted To</action>
          <errcode code="0" module="System" severity="Success" identifier="SDL_ERR_OK" desc="Everything was OK." />
        </event>
        <event id="4025516" time="2017-12-27T08:05:10" server="SNJTMS290">
          <usr usrid="458" email="anna.falk@aacglobal.com" usrname="Anna Falk" usrdesc="AAC Project Manager" />
          <wfs wfsid="10041" wfsname="Vendor Translation" wfsdesc="This stage allows the vendor to translate content." orgid="2" statusid1="200" statusid2="201" interface="TRANSLATE" system="0" static="0" />
          <action id="13" name="ACTION_STAGE_RESULT" ltid="4125">Step Result</action>
          <errcode code="0" module="System" severity="Success" identifier="SDL_ERR_OK" desc="Everything was OK." />
        </event>
        <event id="4025517" time="2017-12-27T08:05:10" server="SNJTMS290">
          <usr usrid="458" email="anna.falk@aacglobal.com" usrname="Anna Falk" usrdesc="AAC Project Manager" />
          <wfs wfsid="10053" wfsname="QA Check - Format Painting" wfsdesc="Checks that format painting is correct in the translated segments as compared to the source segments." orgid="2" statusid1="222" statusid2="223" interface="CUSTOM" system="1" static="0" />
          <action id="1" name="ACTION_SUBMITTED" ltid="1557">Submitted To</action>
          <errcode code="0" module="System" severity="Success" identifier="SDL_ERR_OK" desc="Everything was OK." />
        </event>
        <event id="4025531" time="2017-12-27T08:05:16" server="SNJTMS290">
          <wfs wfsid="10053" wfsname="QA Check - Format Painting" wfsdesc="Checks that format painting is correct in the translated segments as compared to the source segments." orgid="2" statusid1="222" statusid2="223" interface="CUSTOM" system="1" static="0" />
          <action id="25" name="ACTION_STAGE_STARTING" ltid="10070">Starting</action>
          <errcode code="1076494343" module="System" severity="Informational" identifier="SDL_ERR_STAGE_STARTING" desc="Step execution starting." />
        </event>
        <event id="4025532" time="2017-12-27T08:05:18" server="SNJTMS290">
          <wfs wfsid="10041" wfsname="Vendor Translation" wfsdesc="This stage allows the vendor to translate content." orgid="2" statusid1="200" statusid2="201" interface="TRANSLATE" system="0" static="0" />
          <action id="5" name="ACTION_STAGE_CHANGED" ltid="3125">Step Changed</action>
          <errcode code="0" module="System" severity="Success" identifier="SDL_ERR_OK" desc="Everything was OK." />
        </event>
        <event id="4334685" time="2018-02-16T15:29:23" server="SNJTMS290">
          <usr usrid="458" email="anna.falk@aacglobal.com" usrname="Anna Falk" usrdesc="AAC Project Manager" />
          <action id="15" name="ACTION_UPLOAD" ltid="1559">Upload</action>
          <errcode code="1076494344" module="Upload" severity="Informational" identifier="SDL_ERR_SDLXLIFF_UPLOAD_START" desc="Bilingual file upload started." />
        </event>
        <event id="4334701" time="2018-02-16T15:29:40" server="SNJTMS290">
          <usr usrid="458" email="anna.falk@aacglobal.com" usrname="Anna Falk" usrdesc="AAC Project Manager" />
          <wfs wfsid="10041" wfsname="Vendor Translation" wfsdesc="This stage allows the vendor to translate content." orgid="2" statusid1="200" statusid2="201" interface="TRANSLATE" system="0" static="0" />
          <action id="15" name="ACTION_UPLOAD" ltid="1559">Upload</action>
          <errcode code="2752514" module="Upload" severity="Success" identifier="SDL_ERR_TTX_UPLOAD_OK" desc="Bilingual file uploaded." />
        </event>
        <event id="4334702" time="2018-02-16T15:29:41" server="SNJTMS290">
          <usr usrid="458" email="anna.falk@aacglobal.com" usrname="Anna Falk" usrdesc="AAC Project Manager" />
          <wfs wfsid="10053" wfsname="QA Check - Format Painting" wfsdesc="Checks that format painting is correct in the translated segments as compared to the source segments." orgid="2" statusid1="222" statusid2="223" interface="CUSTOM" system="1" static="0" />
          <action id="1" name="ACTION_SUBMITTED" ltid="1557">Submitted To</action>
          <errcode code="0" module="System" severity="Success" identifier="SDL_ERR_OK" desc="Everything was OK." />
        </event>
        <event id="4334703" time="2018-02-16T15:29:41" server="SNJTMS290">
          <wfs wfsid="10053" wfsname="QA Check - Format Painting" wfsdesc="Checks that format painting is correct in the translated segments as compared to the source segments." orgid="2" statusid1="222" statusid2="223" interface="CUSTOM" system="1" static="0" />
          <action id="25" name="ACTION_STAGE_STARTING" ltid="10070">Starting</action>
          <errcode code="1076494343" module="System" severity="Informational" identifier="SDL_ERR_STAGE_STARTING" desc="Step execution starting." />
        </event>
        <event id="4334704" time="2018-02-16T15:29:41" server="SNJTMS290">
          <wfs wfsid="10053" wfsname="QA Check - Format Painting" wfsdesc="Checks that format painting is correct in the translated segments as compared to the source segments." orgid="2" statusid1="222" statusid2="223" interface="CUSTOM" system="1" static="0" />
          <action id="13" name="ACTION_STAGE_RESULT" ltid="4125">Step Result</action>
          <errcode code="0" module="System" severity="Success" identifier="SDL_ERR_OK" desc="Everything was OK." />
        </event>
        <event id="4334706" time="2018-02-16T15:29:42" server="SNJTMS290">
          <wfs wfsid="13" wfsname="Rebuild Translation" wfsdesc="The Rebuild Translation system step constructs a final version of a task from the translated segments. It is typically placed after Translation and Review have been completed in the workflow, but before Approval." orgid="1" statusid1="81" statusid2="82" interface="REBUILD_FILE" system="1" static="1" />
          <action id="1" name="ACTION_SUBMITTED" ltid="1557">Submitted To</action>
          <errcode code="0" module="System" severity="Success" identifier="SDL_ERR_OK" desc="Everything was OK." />
        </event>
        <event id="4334707" time="2018-02-16T15:29:42" server="SNJTMS290">
          <wfs wfsid="13" wfsname="Rebuild Translation" wfsdesc="The Rebuild Translation system step constructs a final version of a task from the translated segments. It is typically placed after Translation and Review have been completed in the workflow, but before Approval." orgid="1" statusid1="81" statusid2="82" interface="REBUILD_FILE" system="1" static="1" />
          <action id="25" name="ACTION_STAGE_STARTING" ltid="10070">Starting</action>
          <errcode code="1076494343" module="System" severity="Informational" identifier="SDL_ERR_STAGE_STARTING" desc="Step execution starting." />
        </event>
        <event id="4334712" time="2018-02-16T15:29:44" server="SNJTMS290">
          <wfs wfsid="13" wfsname="Rebuild Translation" wfsdesc="The Rebuild Translation system step constructs a final version of a task from the translated segments. It is typically placed after Translation and Review have been completed in the workflow, but before Approval." orgid="1" statusid1="81" statusid2="82" interface="REBUILD_FILE" system="1" static="1" />
          <action id="13" name="ACTION_STAGE_RESULT" ltid="4125">Step Result</action>
          <errcode code="0" module="System" severity="Success" identifier="SDL_ERR_OK" desc="Everything was OK." />
        </event>
        <event id="4334713" time="2018-02-16T15:29:44" server="SNJTMS290">
          <wfs wfsid="10040" wfsname="Vendor Approval" wfsdesc="This stage allows the vendor to agree the requested dates, update costing etc." orgid="2" statusid1="198" statusid2="199" interface="PJM_AUTHORIZE" system="0" static="0" />
          <action id="1" name="ACTION_SUBMITTED" ltid="1557">Submitted To</action>
          <errcode code="0" module="System" severity="Success" identifier="SDL_ERR_OK" desc="Everything was OK." />
        </event>
        <event id="4334721" time="2018-02-16T15:33:49" server="SNJTMS290">
          <usr usrid="458" email="anna.falk@aacglobal.com" usrname="Anna Falk" usrdesc="AAC Project Manager" />
          <wfs wfsid="10040" wfsname="Vendor Approval" wfsdesc="This stage allows the vendor to agree the requested dates, update costing etc." orgid="2" statusid1="198" statusid2="199" interface="PJM_AUTHORIZE" system="0" static="0" />
          <action id="13" name="ACTION_STAGE_RESULT" ltid="4125">Step Result</action>
          <errcode code="0" module="System" severity="Success" identifier="SDL_ERR_OK" desc="Everything was OK." />
        </event>
        <event id="4334723" time="2018-02-16T15:33:49" server="SNJTMS290">
          <usr usrid="458" email="anna.falk@aacglobal.com" usrname="Anna Falk" usrdesc="AAC Project Manager" />
          <wfs wfsid="12" wfsname="Update TM" wfsdesc="The Update TM step is used to update a sequence of translation memories once a translation has been reviewed and approved." orgid="1" statusid1="17" statusid2="18" interface="UPDATE_TM" system="1" static="1" />
          <action id="1" name="ACTION_SUBMITTED" ltid="1557">Submitted To</action>
          <errcode code="0" module="System" severity="Success" identifier="SDL_ERR_OK" desc="Everything was OK." />
        </event>
        <event id="4334725" time="2018-02-16T15:33:49" server="SNJTMS290">
          <wfs wfsid="12" wfsname="Update TM" wfsdesc="The Update TM step is used to update a sequence of translation memories once a translation has been reviewed and approved." orgid="1" statusid1="17" statusid2="18" interface="UPDATE_TM" system="1" static="1" />
          <action id="25" name="ACTION_STAGE_STARTING" ltid="10070">Starting</action>
          <errcode code="1076494343" module="System" severity="Informational" identifier="SDL_ERR_STAGE_STARTING" desc="Step execution starting." />
        </event>
        <event id="4334747" time="2018-02-16T15:35:44" server="SNJTMS290">
          <wfs wfsid="12" wfsname="Update TM" wfsdesc="The Update TM step is used to update a sequence of translation memories once a translation has been reviewed and approved." orgid="1" statusid1="17" statusid2="18" interface="UPDATE_TM" system="1" static="1" />
          <action id="13" name="ACTION_STAGE_RESULT" ltid="4125">Step Result</action>
          <errcode code="0" module="System" severity="Success" identifier="SDL_ERR_OK" desc="Everything was OK." />
        </event>
        <event id="4334748" time="2018-02-16T15:35:44" server="SNJTMS290">
          <wfs wfsid="10" wfsname="Complete Invoice" wfsdesc="This step records completion of tasks with invoicing information. It is usually placed near the end of the workflow after Translated Content Retrieval." orgid="1" statusid1="47" statusid2="51" interface="INV_COMPLETE" system="1" static="1" />
          <action id="1" name="ACTION_SUBMITTED" ltid="1557">Submitted To</action>
          <errcode code="0" module="System" severity="Success" identifier="SDL_ERR_OK" desc="Everything was OK." />
        </event>
        <event id="4334749" time="2018-02-16T15:35:44" server="SNJTMS290">
          <wfs wfsid="10" wfsname="Complete Invoice" wfsdesc="This step records completion of tasks with invoicing information. It is usually placed near the end of the workflow after Translated Content Retrieval." orgid="1" statusid1="47" statusid2="51" interface="INV_COMPLETE" system="1" static="1" />
          <action id="25" name="ACTION_STAGE_STARTING" ltid="10070">Starting</action>
          <errcode code="1076494343" module="System" severity="Informational" identifier="SDL_ERR_STAGE_STARTING" desc="Step execution starting." />
        </event>
        <event id="4334750" time="2018-02-16T15:35:44" server="SNJTMS290">
          <wfs wfsid="10" wfsname="Complete Invoice" wfsdesc="This step records completion of tasks with invoicing information. It is usually placed near the end of the workflow after Translated Content Retrieval." orgid="1" statusid1="47" statusid2="51" interface="INV_COMPLETE" system="1" static="1" />
          <action id="13" name="ACTION_STAGE_RESULT" ltid="4125">Step Result</action>
          <errcode code="0" module="System" severity="Success" identifier="SDL_ERR_OK" desc="Everything was OK." />
        </event>
        <event id="4334751" time="2018-02-16T15:35:44" server="SNJTMS290">
          <wfs wfsid="11" wfsname="Translated Content Retrieval" wfsdesc="The Translated Content Retrieval system step is where translated tasks await retrieval by the system that requested their translation. This happens via a CTA Delivery request. This step should be after all Translation, Review and Approval steps." orgid="1" statusid1="19" statusid2="21" interface="UPLOAD" system="1" static="1" />
          <action id="1" name="ACTION_SUBMITTED" ltid="1557">Submitted To</action>
          <errcode code="0" module="System" severity="Success" identifier="SDL_ERR_OK" desc="Everything was OK." />
        </event>
        <event id="4334752" time="2018-02-16T15:35:44" server="SNJTMS290">
          <wfs wfsid="11" wfsname="Translated Content Retrieval" wfsdesc="The Translated Content Retrieval system step is where translated tasks await retrieval by the system that requested their translation. This happens via a CTA Delivery request. This step should be after all Translation, Review and Approval steps." orgid="1" statusid1="19" statusid2="21" interface="UPLOAD" system="1" static="1" />
          <action id="25" name="ACTION_STAGE_STARTING" ltid="10070">Starting</action>
          <errcode code="1076494343" module="System" severity="Informational" identifier="SDL_ERR_STAGE_STARTING" desc="Step execution starting." />
        </event>
        <event id="4499680" time="2018-03-01T09:59:47" server="SNJTMS290">
          <wfs wfsid="21" wfsname="Complete" wfsdesc="The Complete step is a system step that is placed at the end of a workflow if no user notification is needed when a task reaches the end of its workflow." orgid="1" statusid1="68" statusid2="0" interface="COMPLETE" system="1" static="1" />
          <action id="1" name="ACTION_SUBMITTED" ltid="1557">Submitted To</action>
          <errcode code="0" module="System" severity="Success" identifier="SDL_ERR_OK" desc="Everything was OK." />
        </event>
      </events>
      <versions>
        <version sourceversion="1" targetversion="2" user="anna.falk@aacglobal.com" time="2018-02-16T15:29:37.843" wfsid="10041" />
        <version sourceversion="1" targetversion="1" time="2017-10-20T13:38:16.777" wfsid="2" />
      </versions>
    </data>
  </task>
</archive>