<archive datecreated="2018-08-13T00:01:13" taskid="98218">
  <task>
    <data taskid="98218" tclocation="4738\TGT\EN-GB_DA\" priority="2" unconfirmed="467" confirmed="0" filename="Appendix B - Scope of supply and requirements_.docx" totalwords="467" newwords="444" fuzzywords="20" hundredwords="1" repeatedwords="2" datecreated="2017-10-20T13:35:59" datedue="2017-11-03T13:31:00" datedeactivated="2018-05-15T14:53:38">
      <job jobid="4738" jobname="Translation into DA 6 doc" private="1" datecreated="2017-10-20T13:35:59" datedue="2017-11-03T13:31:00" />
      <wfs wfsid="21" order="22" wfsname="Complete" wfsdesc="The Complete step is a system step that is placed at the end of a workflow if no user notification is needed when a task reaches the end of its workflow." orgid="1" statusid1="68" statusid2="0" interface="COMPLETE" system="1" static="1">
        <org orgid="1" orgname="Root Organization" orgdesc="The top level Organization, containing pre-configured default objects such as Content Types, Workflow Stages etc." static="0" />
      </wfs>
      <lp lpid="6" lpname="EN-GB &gt; DA" lpdesc="English (Britain) to Danish" src-langid="38" tgt-langid="34" />
      <segments>
        <src>
          <line id="20502641" lineid="25" version="1" context="sdl:paragraph" wordcount="30" altwordcount="30" charcount="174" latest="1">Any additional services or modifications of existing services shall mutually be agreed between the parties during the Field Test and relevant terms and conditions of the Agreement be amended accordingly.</line>
          <line id="20502642" lineid="26" version="1" context="x-tm-listitem" wordcount="2" altwordcount="2" charcount="17" latest="1">Customer Equipment</line>
          <line id="20502643" lineid="27" version="1" context="sdl:paragraph" wordcount="8" altwordcount="8" charcount="54" latest="1">Following Customer Equipment is covered under this agreement:</line>
          <line id="20502644" lineid="28" version="1" context="x-tm-table-cell; sdl:table-row; sdl:table" wordcount="2" altwordcount="2" charcount="19" latest="1">Customer Designation</line>
          <line id="20502645" lineid="29" version="1" context="x-tm-table-cell; sdl:table-row; sdl:table" wordcount="2" altwordcount="2" charcount="13" latest="1">AL Designation</line>
          <line id="20502646" lineid="30" version="1" context="x-tm-table-cell; sdl:table-row; sdl:table" wordcount="3" altwordcount="3" charcount="20" latest="1">Decanter serial number</line>
          <line id="20502647" lineid="31" version="1" context="x-tm-table-cell; sdl:table-row; sdl:table" wordcount="2" altwordcount="2" charcount="17" latest="1">Controller version</line>
          <line id="20502648" lineid="32" version="1" context="x-tm-table-cell; sdl:table-row; sdl:table" wordcount="2" altwordcount="2" charcount="15" latest="1">Software version</line>
          <line id="20502649" lineid="33" version="1" context="x-tm-table-cell; sdl:table-row; sdl:table" wordcount="1" altwordcount="1" charcount="1" latest="1">A</line>
          <line id="20502650" lineid="34" version="1" context="x-tm-table-cell; sdl:table-row; sdl:table" wordcount="2" altwordcount="2" charcount="8" latest="1">NX ______</line>
          <line id="20502651" lineid="35" version="1" context="x-tm-table-cell; sdl:table-row; sdl:table" wordcount="1" altwordcount="1" charcount="7" latest="1">5023422</line>
          <line id="20502652" lineid="36" version="1" context="x-tm-listitem" wordcount="1" altwordcount="1" charcount="8" latest="1">Hardware</line>
          <line id="20502653" lineid="37" version="1" context="sdl:paragraph" wordcount="10" altwordcount="10" charcount="60" latest="1">The Connectivity Technology requires the Hardware as set forth below:</line>
          <line id="20502654" lineid="38" version="1" context="x-tm-listitem" wordcount="13" altwordcount="13" charcount="81" latest="1">&lt;1&gt;Field Gateway&lt;/1&gt; (FGW) industrial standard rugged PC connecting the equipment to the internet.</line>
          <line id="20502655" lineid="39" version="1" context="x-tm-listitem" wordcount="15" altwordcount="15" charcount="74" latest="1">If customer cabinet cannot house the FGW a separate cabinet will be provided by supplier</line>
          <line id="20502656" lineid="40" version="1" context="x-tm-listitem" wordcount="15" altwordcount="15" charcount="79" latest="1">If not supplied by customer cabling between controller and FGW placed next to the controller</line>
          <line id="20502657" lineid="41" version="1" context="x-tm-listitem" wordcount="2" altwordcount="2" charcount="20" latest="1">Customer Requirements</line>
          <line id="20502658" lineid="42" version="1" context="sdl:paragraph" wordcount="29" altwordcount="29" charcount="151" latest="1">Customer shall at all times during the term of this Agreement at its own cost prepare and secure all preparatory works/facilities including but not limited to the following:</line>
          <line id="20502659" lineid="43" version="1" context="x-tm-listitem" wordcount="2" altwordcount="2" charcount="17" latest="1">Customer hardware:</line>
          <line id="20502660" lineid="44" version="1" context="x-tm-listitem" wordcount="5" altwordcount="5" charcount="26" latest="1">Power supply (230V) in cabinet</line>
          <line id="20502661" lineid="45" version="1" context="x-tm-listitem" wordcount="4" altwordcount="4" charcount="30" latest="1">[&lt;1&gt;any Customer supplied hardware&lt;/1&gt;];</line>
          <line id="20502662" lineid="46" version="1" context="x-tm-listitem" wordcount="2" altwordcount="2" charcount="17" latest="1">Site requirements:</line>
          <line id="20502663" lineid="47" version="1" context="x-tm-listitem" wordcount="4" altwordcount="4" charcount="14" latest="1">Access to the FGW</line>
          <line id="20502664" lineid="48" version="1" context="x-tm-listitem" wordcount="16" altwordcount="16" charcount="109" latest="1">[&lt;1&gt;any facilities/preparatory works at site] including sufficient electrical power for supply of Connectivity Services&lt;/1&gt;]; and</line>
          <line id="20502665" lineid="49" version="1" context="x-tm-listitem" wordcount="10" altwordcount="10" charcount="69" latest="1">Connection requirements: [either 3G/4G Ethernet Wi-Fi provided by Customer]</line>
          <line id="20502640" lineid="24" version="1" context="sdl:paragraph" wordcount="22" altwordcount="22" charcount="111" latest="1">The number of progress meetings will depend on the progress of the experiment and be based on mutual agreement between both parties.</line>
          <line id="20502639" lineid="23" version="1" context="sdl:paragraph" wordcount="10" altwordcount="10" charcount="54" latest="1">A period of data collection with progress meetings will follow.</line>
          <line id="20502638" lineid="22" version="1" context="sdl:paragraph" wordcount="18" altwordcount="18" charcount="81" latest="1">Required adjustments (if any) of the SW/ HW based on the outcome of the meeting will be discussed.</line>
          <line id="20502637" lineid="21" version="1" context="sdl:paragraph" wordcount="28" altwordcount="28" charcount="136" latest="1">After a period of about 8 weeks a progress meeting (physical meeting or Skype) will take place and Alfa Laval will present an interpretation of the collected data.</line>
          <line id="20502636" lineid="20" version="1" context="sdl:paragraph" wordcount="28" altwordcount="28" charcount="147" latest="1">After having a data transfer connection and data collection has started customer and Alfa Laval will have a kick-off meeting to describe the detailed plan of the experiments.</line>
          <line id="20502635" lineid="19" version="1" context="sdl:paragraph" wordcount="19" altwordcount="19" charcount="102" latest="1">Progress of the experiments in the test shall be discussed in regular progress meetings between customer and Alfa Laval.</line>
          <line id="20502634" lineid="18" version="1" context="sdl:chartshape" wordcount="3" altwordcount="3" charcount="15" latest="1">Make Pilot Report</line>
          <line id="20502633" lineid="17" version="1" context="sdl:chartshape" wordcount="2" altwordcount="2" charcount="11" latest="1">Collect Data</line>
          <line id="20502632" lineid="16" version="1" context="sdl:chartshape" wordcount="2" altwordcount="2" charcount="15" latest="1">Progress Meeting</line>
          <line id="20502631" lineid="15" version="1" context="sdl:chartshape" wordcount="2" altwordcount="2" charcount="15" latest="1">Kick-off meeting</line>
          <line id="20502630" lineid="14" version="1" context="sdl:chartshape" wordcount="2" altwordcount="2" charcount="11" latest="1">Collect Data</line>
          <line id="20502629" lineid="13" version="1" context="sdl:chartshape" wordcount="4" altwordcount="4" charcount="22" latest="1">Connect to Pilot Customer</line>
          <line id="20502628" lineid="12" version="1" context="sdl:chartshape" wordcount="3" altwordcount="3" charcount="17" latest="1">Pilot Version Ready</line>
          <line id="20502627" lineid="11" version="1" context="x-tm-listitem" wordcount="18" altwordcount="18" charcount="94" latest="1">&lt;1/&gt;&lt;2&gt;*Widgets are small computer programs as part of the connectivity software and will be programmed by Alfa Laval.&lt;/2&gt;</line>
          <line id="20502626" lineid="10" version="1" context="x-tm-listitem" wordcount="12" altwordcount="12" charcount="74" latest="1">Collecting information for the development of a trouble shooting system for decanters</line>
          <line id="20502625" lineid="9" version="1" context="x-tm-listitem" wordcount="16" altwordcount="16" charcount="101" latest="1">Development of widgets* to improve customer´s decanter process depending on the interpretation of the collected data</line>
          <line id="20502624" lineid="8" version="1" context="x-tm-listitem" wordcount="14" altwordcount="14" charcount="83" latest="1">Collecting data as a basis for the development of widgets* improving customer´s decanter  process</line>
          <line id="20502623" lineid="7" version="1" context="x-tm-listitem" wordcount="14" altwordcount="14" charcount="78" latest="1">Collecting data for the development of a Decanter Condition Monitoring system by Alfa Laval</line>
          <line id="20502622" lineid="6" version="1" context="x-tm-listitem" wordcount="9" altwordcount="9" charcount="55" latest="1">Collecting and Visualizing decanter control data on a dashboard</line>
          <line id="20502621" lineid="5" version="1" context="sdl:paragraph" wordcount="10" altwordcount="10" charcount="57" latest="1">The Field test has the objective of running following experiments:</line>
          <line id="20502620" lineid="4" version="1" context="sdl:paragraph" wordcount="18" altwordcount="18" charcount="92" latest="1">As part of the Field Test the parties have agreed that the following Connectivity Services shall be &lt;1&gt;i&lt;/1&gt;ncluded:</line>
          <line id="20502619" lineid="3" version="1" context="x-tm-listitem" wordcount="2" altwordcount="2" charcount="20" latest="1">Connectivity Services</line>
          <line id="20502618" lineid="2" version="1" context="sdl:paragraph" wordcount="26" altwordcount="26" charcount="134" latest="1">[Note that this Appendix B to the Field Test Agreement shall always be completed with the information requested below and attached to the Field Test Agreement]</line>
          <line id="20502617" lineid="1" version="1" context="x-tm-header-footer" wordcount="2" altwordcount="2" charcount="9" latest="1">Appendix B</line>
        </src>
        <tgt>
          <line id="22355583" lineid="1" version="1" match="91" latest="1">Bilag 1:</line>
          <line id="22355584" lineid="2" version="1" match="0" latest="1">[Note that this Appendix B to the Field Test Agreement shall always be completed with the information requested below and attached to the Field Test Agreement]</line>
          <line id="22355585" lineid="3" version="1" match="0" latest="1">Connectivity Services</line>
          <line id="22355586" lineid="4" version="1" match="0" latest="1">As part of the Field Test the parties have agreed that the following Connectivity Services shall be &lt;1&gt;i&lt;/1&gt;ncluded:</line>
          <line id="22355587" lineid="5" version="1" match="0" latest="1">The Field test has the objective of running following experiments:</line>
          <line id="22355588" lineid="6" version="1" match="0" latest="1">Collecting and Visualizing decanter control data on a dashboard</line>
          <line id="22355589" lineid="7" version="1" match="0" latest="1">Collecting data for the development of a Decanter Condition Monitoring system by Alfa Laval</line>
          <line id="22355590" lineid="8" version="1" match="0" latest="1">Collecting data as a basis for the development of widgets* improving customer´s decanter  process</line>
          <line id="22355591" lineid="9" version="1" match="0" latest="1">Development of widgets* to improve customer´s decanter process depending on the interpretation of the collected data</line>
          <line id="22355592" lineid="10" version="1" match="0" latest="1">Collecting information for the development of a trouble shooting system for decanters</line>
          <line id="22355593" lineid="11" version="1" match="0" latest="1">&lt;1/&gt;&lt;2&gt;*Widgets are small computer programs as part of the connectivity software and will be programmed by Alfa Laval.&lt;/2&gt;</line>
          <line id="22355594" lineid="12" version="1" match="0" latest="1">Pilot Version Ready</line>
          <line id="22355595" lineid="13" version="1" match="0" latest="1">Connect to Pilot Customer</line>
          <line id="22355596" lineid="14" version="1" match="0" latest="1">Collect Data</line>
          <line id="22355597" lineid="15" version="1" match="0" latest="1">Kick-off meeting</line>
          <line id="22355598" lineid="16" version="1" match="0" latest="1">Progress Meeting</line>
          <line id="22355599" lineid="17" version="1" match="0" latest="1">Collect Data</line>
          <line id="22355600" lineid="18" version="1" match="0" latest="1">Make Pilot Report</line>
          <line id="22355601" lineid="19" version="1" match="0" latest="1">Progress of the experiments in the test shall be discussed in regular progress meetings between customer and Alfa Laval.</line>
          <line id="22355602" lineid="20" version="1" match="0" latest="1">After having a data transfer connection and data collection has started customer and Alfa Laval will have a kick-off meeting to describe the detailed plan of the experiments.</line>
          <line id="22355603" lineid="21" version="1" match="0" latest="1">After a period of about 8 weeks a progress meeting (physical meeting or Skype) will take place and Alfa Laval will present an interpretation of the collected data.</line>
          <line id="22355604" lineid="22" version="1" match="0" latest="1">Required adjustments (if any) of the SW/ HW based on the outcome of the meeting will be discussed.</line>
          <line id="22355605" lineid="23" version="1" match="0" latest="1">A period of data collection with progress meetings will follow.</line>
          <line id="22355606" lineid="24" version="1" match="0" latest="1">The number of progress meetings will depend on the progress of the experiment and be based on mutual agreement between both parties.</line>
          <line id="22355607" lineid="25" version="1" match="0" latest="1">Any additional services or modifications of existing services shall mutually be agreed between the parties during the Field Test and relevant terms and conditions of the Agreement be amended accordingly.</line>
          <line id="22355608" lineid="26" version="1" match="0" latest="1">Customer Equipment</line>
          <line id="22355609" lineid="27" version="1" match="0" latest="1">Following Customer Equipment is covered under this agreement:</line>
          <line id="22355610" lineid="28" version="1" match="0" latest="1">Customer Designation</line>
          <line id="22355611" lineid="29" version="1" match="84" latest="1">Betegnelse</line>
          <line id="22355612" lineid="30" version="1" match="76" latest="1">Fra serienummer  –</line>
          <line id="22355613" lineid="31" version="1" match="75" latest="1">LCP-version</line>
          <line id="22355614" lineid="32" version="1" match="83" latest="1">Softwareversionsnr.</line>
          <line id="22355615" lineid="33" version="1" lock="1" match="100" latest="1">A</line>
          <line id="22355616" lineid="34" version="1" match="0" latest="1">NX ______</line>
          <line id="22355617" lineid="35" version="1" match="0" latest="1">5023422</line>
          <line id="22355618" lineid="36" version="1" match="0" latest="1">Hardware</line>
          <line id="22355619" lineid="37" version="1" match="0" latest="1">The Connectivity Technology requires the Hardware as set forth below:</line>
          <line id="22355620" lineid="38" version="1" match="0" latest="1">&lt;1&gt;Field Gateway&lt;/1&gt; (FGW) industrial standard rugged PC connecting the equipment to the internet.</line>
          <line id="22355621" lineid="39" version="1" match="0" latest="1">If customer cabinet cannot house the FGW a separate cabinet will be provided by supplier</line>
          <line id="22355622" lineid="40" version="1" match="0" latest="1">If not supplied by customer cabling between controller and FGW placed next to the controller</line>
          <line id="22355623" lineid="41" version="1" match="0" latest="1">Customer Requirements</line>
          <line id="22355624" lineid="42" version="1" match="0" latest="1">Customer shall at all times during the term of this Agreement at its own cost prepare and secure all preparatory works/facilities including but not limited to the following:</line>
          <line id="22355625" lineid="43" version="1" match="0" latest="1">Customer hardware:</line>
          <line id="22355626" lineid="44" version="1" match="75" latest="1">- Strømforsyning AC 50/60 Hz</line>
          <line id="22355627" lineid="45" version="1" match="0" latest="1">[&lt;1&gt;any Customer supplied hardware&lt;/1&gt;];</line>
          <line id="22355628" lineid="46" version="1" match="0" latest="1">Site requirements:</line>
          <line id="22355629" lineid="47" version="1" match="75" latest="1">De bevægelige dele er blottede.</line>
          <line id="22355630" lineid="48" version="1" match="0" latest="1">[&lt;1&gt;any facilities/preparatory works at site] including sufficient electrical power for supply of Connectivity Services&lt;/1&gt;]; and</line>
          <line id="22355631" lineid="49" version="1" match="0" latest="1">Connection requirements: [either 3G/4G Ethernet Wi-Fi provided by Customer]</line>
        </tgt>
      </segments>
      <events>
        <event id="3945457" time="2017-10-20T13:36:02" server="SNJTMS290">
          <wfs wfsid="10031" wfsname="Scan" wfsdesc="Scans the file to determine encoding type." orgid="1" statusid1="180" statusid2="181" interface="SCAN_FILE_TYPE" system="1" static="1" />
          <action id="1" name="ACTION_SUBMITTED" ltid="1557">Submitted To</action>
          <errcode code="0" module="System" severity="Success" identifier="SDL_ERR_OK" desc="Everything was OK." />
        </event>
        <event id="3945459" time="2017-10-20T13:36:02" server="SNJTMS290">
          <wfs wfsid="10031" wfsname="Scan" wfsdesc="Scans the file to determine encoding type." orgid="1" statusid1="180" statusid2="181" interface="SCAN_FILE_TYPE" system="1" static="1" />
          <action id="25" name="ACTION_STAGE_STARTING" ltid="10070">Starting</action>
          <errcode code="1076494343" module="System" severity="Informational" identifier="SDL_ERR_STAGE_STARTING" desc="Step execution starting." />
        </event>
        <event id="3945466" time="2017-10-20T13:36:02" server="SNJTMS290">
          <wfs wfsid="10031" wfsname="Scan" wfsdesc="Scans the file to determine encoding type." orgid="1" statusid1="180" statusid2="181" interface="SCAN_FILE_TYPE" system="1" static="1" />
          <action id="13" name="ACTION_STAGE_RESULT" ltid="4125">Step Result</action>
          <errcode code="0" module="System" severity="Success" identifier="SDL_ERR_OK" desc="Everything was OK." />
        </event>
        <event id="3945470" time="2017-10-20T13:36:02" server="SNJTMS290">
          <wfs wfsid="2" wfsname="Pre-processing" wfsdesc="In the Pre-processing step SDLTMS uses a filter to detect translatable content within an item and segment the content ready for translation. Once segmented, a sequence of Translation Memories are applied to match any previously translated segments." orgid="1" statusid1="25" statusid2="5" interface="PRE_PROCESS" system="1" static="1" />
          <action id="1" name="ACTION_SUBMITTED" ltid="1557">Submitted To</action>
          <errcode code="0" module="System" severity="Success" identifier="SDL_ERR_OK" desc="Everything was OK." />
        </event>
        <event id="3945479" time="2017-10-20T13:36:07" server="SNJTMS290">
          <wfs wfsid="2" wfsname="Pre-processing" wfsdesc="In the Pre-processing step SDLTMS uses a filter to detect translatable content within an item and segment the content ready for translation. Once segmented, a sequence of Translation Memories are applied to match any previously translated segments." orgid="1" statusid1="25" statusid2="5" interface="PRE_PROCESS" system="1" static="1" />
          <action id="25" name="ACTION_STAGE_STARTING" ltid="10070">Starting</action>
          <errcode code="1076494343" module="System" severity="Informational" identifier="SDL_ERR_STAGE_STARTING" desc="Step execution starting." />
        </event>
        <event id="3945484" time="2017-10-20T13:36:19" server="SNJTMS290">
          <wfs wfsid="2" wfsname="Pre-processing" wfsdesc="In the Pre-processing step SDLTMS uses a filter to detect translatable content within an item and segment the content ready for translation. Once segmented, a sequence of Translation Memories are applied to match any previously translated segments." orgid="1" statusid1="25" statusid2="5" interface="PRE_PROCESS" system="1" static="1" />
          <action id="12" name="ACTION_INFO" ltid="4126">Information</action>
          <errcode code="1075642466" module="Preprocessing" severity="Informational" identifier="SDL_ERR_PPT_PERFECT_MATCH_CONFIG_INFO" desc="PerfectMatch is enabled in the organization but the PerfectMatch options are not enabled in the configuration for this task." />
        </event>
        <event id="3945497" time="2017-10-20T13:37:27" comment="TM [AAC Global Master TM] TM Penalty [0%]" server="SNJTMS290">
          <wfs wfsid="2" wfsname="Pre-processing" wfsdesc="In the Pre-processing step SDLTMS uses a filter to detect translatable content within an item and segment the content ready for translation. Once segmented, a sequence of Translation Memories are applied to match any previously translated segments." orgid="1" statusid1="25" statusid2="5" interface="PRE_PROCESS" system="1" static="1" />
          <action id="12" name="ACTION_INFO" ltid="4126">Information</action>
          <errcode code="1075642459" module="Preprocessing" severity="Informational" identifier="SDL_ERR_APPLYING_TM_WITH_PENALTY" desc="Applying the TM using a TM match penalty." />
        </event>
        <event id="3945498" time="2017-10-20T13:37:27" comment="TM [Alfa Laval Master TM] TM Penalty [0%]" server="SNJTMS290">
          <wfs wfsid="2" wfsname="Pre-processing" wfsdesc="In the Pre-processing step SDLTMS uses a filter to detect translatable content within an item and segment the content ready for translation. Once segmented, a sequence of Translation Memories are applied to match any previously translated segments." orgid="1" statusid1="25" statusid2="5" interface="PRE_PROCESS" system="1" static="1" />
          <action id="12" name="ACTION_INFO" ltid="4126">Information</action>
          <errcode code="1075642459" module="Preprocessing" severity="Informational" identifier="SDL_ERR_APPLYING_TM_WITH_PENALTY" desc="Applying the TM using a TM match penalty." />
        </event>
        <event id="3945499" time="2017-10-20T13:37:27" comment="TM [Alfa Laval Legacy TM] TM Penalty [1%]" server="SNJTMS290">
          <wfs wfsid="2" wfsname="Pre-processing" wfsdesc="In the Pre-processing step SDLTMS uses a filter to detect translatable content within an item and segment the content ready for translation. Once segmented, a sequence of Translation Memories are applied to match any previously translated segments." orgid="1" statusid1="25" statusid2="5" interface="PRE_PROCESS" system="1" static="1" />
          <action id="12" name="ACTION_INFO" ltid="4126">Information</action>
          <errcode code="1075642459" module="Preprocessing" severity="Informational" identifier="SDL_ERR_APPLYING_TM_WITH_PENALTY" desc="Applying the TM using a TM match penalty." />
        </event>
        <event id="3945500" time="2017-10-20T13:37:28" server="SNJTMS290">
          <wfs wfsid="2" wfsname="Pre-processing" wfsdesc="In the Pre-processing step SDLTMS uses a filter to detect translatable content within an item and segment the content ready for translation. Once segmented, a sequence of Translation Memories are applied to match any previously translated segments." orgid="1" statusid1="25" statusid2="5" interface="PRE_PROCESS" system="1" static="1" />
          <action id="13" name="ACTION_STAGE_RESULT" ltid="4125">Step Result</action>
          <errcode code="0" module="System" severity="Success" identifier="SDL_ERR_OK" desc="Everything was OK." />
        </event>
        <event id="3945501" time="2017-10-20T13:37:28" server="SNJTMS290">
          <wfs wfsid="5" wfsname="Authorization" wfsdesc="Authorization is a user step where the user authorizes the costs associated with translation of a job into the required languages. Priority, workflow and due date information can be modified at task level where appropriate." orgid="1" statusid1="13" statusid2="2" interface="AUTHORIZE" system="0" static="1" />
          <action id="1" name="ACTION_SUBMITTED" ltid="1557">Submitted To</action>
          <errcode code="0" module="System" severity="Success" identifier="SDL_ERR_OK" desc="Everything was OK." />
        </event>
        <event id="3945570" time="2017-10-20T14:59:56" server="SNJTMS290">
          <usr usrid="458" email="anna.falk@aacglobal.com" usrname="Anna Falk" usrdesc="AAC Project Manager" />
          <action id="14" name="ACTION_DOWNLOAD" ltid="1254">Download</action>
          <errcode code="2818049" module="Download" severity="Success" identifier="SDL_ERR_ITD_DOWNLOAD_OK" desc="Bilingual file downloaded." />
        </event>
        <event id="3947884" time="2017-10-24T08:52:00" server="SNJTMS290">
          <usr usrid="458" email="anna.falk@aacglobal.com" usrname="Anna Falk" usrdesc="AAC Project Manager" />
          <wfs wfsid="5" wfsname="Authorization" wfsdesc="Authorization is a user step where the user authorizes the costs associated with translation of a job into the required languages. Priority, workflow and due date information can be modified at task level where appropriate." orgid="1" statusid1="13" statusid2="2" interface="AUTHORIZE" system="0" static="1" />
          <action id="13" name="ACTION_STAGE_RESULT" ltid="4125">Step Result</action>
          <errcode code="0" module="System" severity="Success" identifier="SDL_ERR_OK" desc="Everything was OK." />
        </event>
        <event id="3947885" time="2017-10-24T08:52:00" server="SNJTMS290">
          <usr usrid="458" email="anna.falk@aacglobal.com" usrname="Anna Falk" usrdesc="AAC Project Manager" />
          <wfs wfsid="10041" wfsname="Vendor Translation" wfsdesc="This stage allows the vendor to translate content." orgid="2" statusid1="200" statusid2="201" interface="TRANSLATE" system="0" static="0" />
          <action id="1" name="ACTION_SUBMITTED" ltid="1557">Submitted To</action>
          <errcode code="0" module="System" severity="Success" identifier="SDL_ERR_OK" desc="Everything was OK." />
        </event>
        <event id="4025513" time="2017-12-27T08:05:10" server="SNJTMS290">
          <usr usrid="458" email="anna.falk@aacglobal.com" usrname="Anna Falk" usrdesc="AAC Project Manager" />
          <wfs wfsid="10041" wfsname="Vendor Translation" wfsdesc="This stage allows the vendor to translate content." orgid="2" statusid1="200" statusid2="201" interface="TRANSLATE" system="0" static="0" />
          <action id="13" name="ACTION_STAGE_RESULT" ltid="4125">Step Result</action>
          <errcode code="0" module="System" severity="Success" identifier="SDL_ERR_OK" desc="Everything was OK." />
        </event>
        <event id="4025515" time="2017-12-27T08:05:10" server="SNJTMS290">
          <usr usrid="458" email="anna.falk@aacglobal.com" usrname="Anna Falk" usrdesc="AAC Project Manager" />
          <wfs wfsid="10053" wfsname="QA Check - Format Painting" wfsdesc="Checks that format painting is correct in the translated segments as compared to the source segments." orgid="2" statusid1="222" statusid2="223" interface="CUSTOM" system="1" static="0" />
          <action id="1" name="ACTION_SUBMITTED" ltid="1557">Submitted To</action>
          <errcode code="0" module="System" severity="Success" identifier="SDL_ERR_OK" desc="Everything was OK." />
        </event>
        <event id="4025526" time="2017-12-27T08:05:14" server="SNJTMS290">
          <wfs wfsid="10053" wfsname="QA Check - Format Painting" wfsdesc="Checks that format painting is correct in the translated segments as compared to the source segments." orgid="2" statusid1="222" statusid2="223" interface="CUSTOM" system="1" static="0" />
          <action id="25" name="ACTION_STAGE_STARTING" ltid="10070">Starting</action>
          <errcode code="1076494343" module="System" severity="Informational" identifier="SDL_ERR_STAGE_STARTING" desc="Step execution starting." />
        </event>
        <event id="4025528" time="2017-12-27T08:05:15" server="SNJTMS290">
          <wfs wfsid="10053" wfsname="QA Check - Format Painting" wfsdesc="Checks that format painting is correct in the translated segments as compared to the source segments." orgid="2" statusid1="222" statusid2="223" interface="CUSTOM" system="1" static="0" />
          <action id="13" name="ACTION_STAGE_RESULT" ltid="4125">Step Result</action>
          <errcode code="0" module="System" severity="Success" identifier="SDL_ERR_OK" desc="Everything was OK." />
        </event>
        <event id="4025529" time="2017-12-27T08:05:15" server="SNJTMS290">
          <wfs wfsid="13" wfsname="Rebuild Translation" wfsdesc="The Rebuild Translation system step constructs a final version of a task from the translated segments. It is typically placed after Translation and Review have been completed in the workflow, but before Approval." orgid="1" statusid1="81" statusid2="82" interface="REBUILD_FILE" system="1" static="1" />
          <action id="1" name="ACTION_SUBMITTED" ltid="1557">Submitted To</action>
          <errcode code="0" module="System" severity="Success" identifier="SDL_ERR_OK" desc="Everything was OK." />
        </event>
        <event id="4025530" time="2017-12-27T08:05:15" server="SNJTMS290">
          <wfs wfsid="13" wfsname="Rebuild Translation" wfsdesc="The Rebuild Translation system step constructs a final version of a task from the translated segments. It is typically placed after Translation and Review have been completed in the workflow, but before Approval." orgid="1" statusid1="81" statusid2="82" interface="REBUILD_FILE" system="1" static="1" />
          <action id="25" name="ACTION_STAGE_STARTING" ltid="10070">Starting</action>
          <errcode code="1076494343" module="System" severity="Informational" identifier="SDL_ERR_STAGE_STARTING" desc="Step execution starting." />
        </event>
        <event id="4025534" time="2017-12-27T08:05:18" server="SNJTMS290">
          <wfs wfsid="13" wfsname="Rebuild Translation" wfsdesc="The Rebuild Translation system step constructs a final version of a task from the translated segments. It is typically placed after Translation and Review have been completed in the workflow, but before Approval." orgid="1" statusid1="81" statusid2="82" interface="REBUILD_FILE" system="1" static="1" />
          <action id="13" name="ACTION_STAGE_RESULT" ltid="4125">Step Result</action>
          <errcode code="0" module="System" severity="Success" identifier="SDL_ERR_OK" desc="Everything was OK." />
        </event>
        <event id="4025535" time="2017-12-27T08:05:18" server="SNJTMS290">
          <wfs wfsid="10040" wfsname="Vendor Approval" wfsdesc="This stage allows the vendor to agree the requested dates, update costing etc." orgid="2" statusid1="198" statusid2="199" interface="PJM_AUTHORIZE" system="0" static="0" />
          <action id="1" name="ACTION_SUBMITTED" ltid="1557">Submitted To</action>
          <errcode code="0" module="System" severity="Success" identifier="SDL_ERR_OK" desc="Everything was OK." />
        </event>
        <event id="4179919" time="2018-01-29T13:28:27" server="SNJTMS290">
          <usr usrid="458" email="anna.falk@aacglobal.com" usrname="Anna Falk" usrdesc="AAC Project Manager" />
          <wfs wfsid="10040" wfsname="Vendor Approval" wfsdesc="This stage allows the vendor to agree the requested dates, update costing etc." orgid="2" statusid1="198" statusid2="199" interface="PJM_AUTHORIZE" system="0" static="0" />
          <action id="3" name="ACTION_REASSIGNED" ltid="1917">Reassigned</action>
          <errcode code="0" module="System" severity="Success" identifier="SDL_ERR_OK" desc="Everything was OK." />
        </event>
        <event id="4179926" time="2018-01-29T13:29:05" server="SNJTMS290">
          <usr usrid="458" email="anna.falk@aacglobal.com" usrname="Anna Falk" usrdesc="AAC Project Manager" />
          <wfs wfsid="10040" wfsname="Vendor Approval" wfsdesc="This stage allows the vendor to agree the requested dates, update costing etc." orgid="2" statusid1="198" statusid2="199" interface="PJM_AUTHORIZE" system="0" static="0" />
          <action id="13" name="ACTION_STAGE_RESULT" ltid="4125">Step Result</action>
          <errcode code="0" module="System" severity="Success" identifier="SDL_ERR_OK" desc="Everything was OK." />
        </event>
        <event id="4179927" time="2018-01-29T13:29:05" server="SNJTMS290">
          <usr usrid="458" email="anna.falk@aacglobal.com" usrname="Anna Falk" usrdesc="AAC Project Manager" />
          <wfs wfsid="12" wfsname="Update TM" wfsdesc="The Update TM step is used to update a sequence of translation memories once a translation has been reviewed and approved." orgid="1" statusid1="17" statusid2="18" interface="UPDATE_TM" system="1" static="1" />
          <action id="1" name="ACTION_SUBMITTED" ltid="1557">Submitted To</action>
          <errcode code="0" module="System" severity="Success" identifier="SDL_ERR_OK" desc="Everything was OK." />
        </event>
        <event id="4179930" time="2018-01-29T13:29:10" server="SNJTMS290">
          <wfs wfsid="12" wfsname="Update TM" wfsdesc="The Update TM step is used to update a sequence of translation memories once a translation has been reviewed and approved." orgid="1" statusid1="17" statusid2="18" interface="UPDATE_TM" system="1" static="1" />
          <action id="25" name="ACTION_STAGE_STARTING" ltid="10070">Starting</action>
          <errcode code="1076494343" module="System" severity="Informational" identifier="SDL_ERR_STAGE_STARTING" desc="Step execution starting." />
        </event>
        <event id="4179931" time="2018-01-29T13:29:12" server="SNJTMS290">
          <wfs wfsid="12" wfsname="Update TM" wfsdesc="The Update TM step is used to update a sequence of translation memories once a translation has been reviewed and approved." orgid="1" statusid1="17" statusid2="18" interface="UPDATE_TM" system="1" static="1" />
          <action id="13" name="ACTION_STAGE_RESULT" ltid="4125">Step Result</action>
          <errcode code="0" module="System" severity="Success" identifier="SDL_ERR_OK" desc="Everything was OK." />
        </event>
        <event id="4179932" time="2018-01-29T13:29:12" server="SNJTMS290">
          <wfs wfsid="10" wfsname="Complete Invoice" wfsdesc="This step records completion of tasks with invoicing information. It is usually placed near the end of the workflow after Translated Content Retrieval." orgid="1" statusid1="47" statusid2="51" interface="INV_COMPLETE" system="1" static="1" />
          <action id="1" name="ACTION_SUBMITTED" ltid="1557">Submitted To</action>
          <errcode code="0" module="System" severity="Success" identifier="SDL_ERR_OK" desc="Everything was OK." />
        </event>
        <event id="4179933" time="2018-01-29T13:29:14" server="SNJTMS290">
          <wfs wfsid="10" wfsname="Complete Invoice" wfsdesc="This step records completion of tasks with invoicing information. It is usually placed near the end of the workflow after Translated Content Retrieval." orgid="1" statusid1="47" statusid2="51" interface="INV_COMPLETE" system="1" static="1" />
          <action id="25" name="ACTION_STAGE_STARTING" ltid="10070">Starting</action>
          <errcode code="1076494343" module="System" severity="Informational" identifier="SDL_ERR_STAGE_STARTING" desc="Step execution starting." />
        </event>
        <event id="4179934" time="2018-01-29T13:29:15" server="SNJTMS290">
          <wfs wfsid="10" wfsname="Complete Invoice" wfsdesc="This step records completion of tasks with invoicing information. It is usually placed near the end of the workflow after Translated Content Retrieval." orgid="1" statusid1="47" statusid2="51" interface="INV_COMPLETE" system="1" static="1" />
          <action id="13" name="ACTION_STAGE_RESULT" ltid="4125">Step Result</action>
          <errcode code="0" module="System" severity="Success" identifier="SDL_ERR_OK" desc="Everything was OK." />
        </event>
        <event id="4179935" time="2018-01-29T13:29:15" server="SNJTMS290">
          <wfs wfsid="11" wfsname="Translated Content Retrieval" wfsdesc="The Translated Content Retrieval system step is where translated tasks await retrieval by the system that requested their translation. This happens via a CTA Delivery request. This step should be after all Translation, Review and Approval steps." orgid="1" statusid1="19" statusid2="21" interface="UPLOAD" system="1" static="1" />
          <action id="1" name="ACTION_SUBMITTED" ltid="1557">Submitted To</action>
          <errcode code="0" module="System" severity="Success" identifier="SDL_ERR_OK" desc="Everything was OK." />
        </event>
        <event id="4499679" time="2018-03-01T09:59:47" server="SNJTMS290">
          <wfs wfsid="21" wfsname="Complete" wfsdesc="The Complete step is a system step that is placed at the end of a workflow if no user notification is needed when a task reaches the end of its workflow." orgid="1" statusid1="68" statusid2="0" interface="COMPLETE" system="1" static="1" />
          <action id="1" name="ACTION_SUBMITTED" ltid="1557">Submitted To</action>
          <errcode code="0" module="System" severity="Success" identifier="SDL_ERR_OK" desc="Everything was OK." />
        </event>
      </events>
      <versions>
        <version sourceversion="1" targetversion="1" time="2017-10-20T13:37:25.400" wfsid="2" />
      </versions>
    </data>
  </task>
</archive>