<archive datecreated="2018-08-13T00:01:14" taskid="98220">
  <task>
    <data taskid="98220" tclocation="4738\TGT\EN-GB_DA\" priority="2" unconfirmed="141" confirmed="0" filename="Appendix D - Contact Persons _.docx" totalwords="141" newwords="40" fuzzywords="24" hundredwords="3" repeatedwords="74" datecreated="2017-10-20T13:35:59" datedue="2017-11-03T13:31:00" datedeactivated="2018-05-15T14:53:38">
      <job jobid="4738" jobname="Translation into DA 6 doc" private="1" datecreated="2017-10-20T13:35:59" datedue="2017-11-03T13:31:00" />
      <wfs wfsid="21" order="22" wfsname="Complete" wfsdesc="The Complete step is a system step that is placed at the end of a workflow if no user notification is needed when a task reaches the end of its workflow." orgid="1" statusid1="68" statusid2="0" interface="COMPLETE" system="1" static="1">
        <org orgid="1" orgname="Root Organization" orgdesc="The top level Organization, containing pre-configured default objects such as Content Types, Workflow Stages etc." static="0" />
      </wfs>
      <lp lpid="6" lpname="EN-GB &gt; DA" lpdesc="English (Britain) to Danish" src-langid="38" tgt-langid="34" />
      <segments>
        <src>
          <line id="20502556" lineid="11" version="1" context="x-tm-table-cell; sdl:table-row; sdl:table" wordcount="3" altwordcount="3" charcount="20" latest="1">Field test Coordinator</line>
          <line id="20502557" lineid="12" version="1" context="x-tm-table-cell; sdl:table-row; sdl:table" wordcount="1" altwordcount="1" charcount="4" latest="1">NAME</line>
          <line id="20502558" lineid="13" version="1" context="x-tm-table-cell; sdl:table-row; sdl:table" wordcount="2" altwordcount="2" charcount="10" latest="1">[full name]</line>
          <line id="20502559" lineid="14" version="1" context="x-tm-table-cell; sdl:table-row; sdl:table" wordcount="1" altwordcount="1" charcount="8" latest="1">LOCATION</line>
          <line id="20502560" lineid="15" version="1" context="x-tm-table-cell; sdl:table-row; sdl:table" wordcount="5" altwordcount="5" charcount="24" latest="1">[name of the location/site]</line>
          <line id="20502561" lineid="16" version="1" context="x-tm-table-cell; sdl:table-row; sdl:table" wordcount="1" altwordcount="1" charcount="7" latest="1">ADDRESS</line>
          <line id="20502562" lineid="17" version="1" context="x-tm-table-cell; sdl:table-row; sdl:table" wordcount="1" altwordcount="1" charcount="9" latest="1">[address]</line>
          <line id="20502563" lineid="18" version="1" context="x-tm-table-cell; sdl:table-row; sdl:table" wordcount="2" altwordcount="2" charcount="6" latest="1">[row 2]</line>
          <line id="20502564" lineid="19" version="1" context="x-tm-table-cell; sdl:table-row; sdl:table" wordcount="2" altwordcount="2" charcount="6" latest="1">[row 3]</line>
          <line id="20502565" lineid="20" version="1" context="x-tm-table-cell; sdl:table-row; sdl:table" wordcount="1" altwordcount="1" charcount="5" latest="1">PHONE</line>
          <line id="20502566" lineid="21" version="1" context="x-tm-table-cell; sdl:table-row; sdl:table" wordcount="3" altwordcount="3" charcount="23" latest="1">[direct telephone number]</line>
          <line id="20502567" lineid="22" version="1" context="x-tm-table-cell; sdl:table-row; sdl:table" wordcount="1" altwordcount="1" charcount="3" latest="1">FAX</line>
          <line id="20502568" lineid="23" version="1" context="x-tm-table-cell; sdl:table-row; sdl:table" wordcount="2" altwordcount="2" charcount="11" latest="1">[fax number]</line>
          <line id="20502569" lineid="24" version="1" context="x-tm-table-cell; sdl:table-row; sdl:table" wordcount="2" altwordcount="2" charcount="11" latest="1">MOBILE PHONE</line>
          <line id="20502570" lineid="25" version="1" context="x-tm-table-cell; sdl:table-row; sdl:table" wordcount="3" altwordcount="3" charcount="19" latest="1">[mobile phone number]</line>
          <line id="20502571" lineid="26" version="1" context="x-tm-table-cell; sdl:table-row; sdl:table" wordcount="1" altwordcount="1" charcount="4" latest="1">MAIL</line>
          <line id="20502572" lineid="27" version="1" context="x-tm-table-cell; sdl:table-row; sdl:table" wordcount="1" altwordcount="1" charcount="8" latest="1">[e-mail]</line>
          <line id="20502573" lineid="28" version="1" context="x-tm-table-cell; sdl:table-row; sdl:table" wordcount="4" altwordcount="4" charcount="25" latest="1">Field Test Technical Support</line>
          <line id="20502574" lineid="29" version="1" context="x-tm-table-cell; sdl:table-row; sdl:table" wordcount="2" altwordcount="2" charcount="5" latest="1">NAME 1</line>
          <line id="20502575" lineid="30" version="1" context="x-tm-table-cell; sdl:table-row; sdl:table" wordcount="2" altwordcount="2" charcount="10" latest="1">[full name]</line>
          <line id="20502576" lineid="31" version="1" context="x-tm-table-cell; sdl:table-row; sdl:table" wordcount="1" altwordcount="1" charcount="8" latest="1">LOCATION</line>
          <line id="20502577" lineid="32" version="1" context="x-tm-table-cell; sdl:table-row; sdl:table" wordcount="5" altwordcount="5" charcount="24" latest="1">[name of the location/site]</line>
          <line id="20502578" lineid="33" version="1" context="x-tm-table-cell; sdl:table-row; sdl:table" wordcount="2" altwordcount="2" charcount="11" latest="1">MOBILE PHONE</line>
          <line id="20502579" lineid="34" version="1" context="x-tm-table-cell; sdl:table-row; sdl:table" wordcount="3" altwordcount="3" charcount="19" latest="1">[mobile phone number]</line>
          <line id="20502580" lineid="35" version="1" context="x-tm-table-cell; sdl:table-row; sdl:table" wordcount="1" altwordcount="1" charcount="4" latest="1">MAIL</line>
          <line id="20502581" lineid="36" version="1" context="x-tm-table-cell; sdl:table-row; sdl:table" wordcount="1" altwordcount="1" charcount="8" latest="1">[e-mail]</line>
          <line id="20502582" lineid="37" version="1" context="sdl:paragraph" wordcount="4" altwordcount="4" charcount="28" latest="1">The Customer dedicated contacts</line>
          <line id="20502583" lineid="38" version="1" context="x-tm-table-cell; sdl:table-row; sdl:table" wordcount="3" altwordcount="3" charcount="20" latest="1">Field test Coordinator</line>
          <line id="20502584" lineid="39" version="1" context="x-tm-table-cell; sdl:table-row; sdl:table" wordcount="1" altwordcount="1" charcount="4" latest="1">NAME</line>
          <line id="20502585" lineid="40" version="1" context="x-tm-table-cell; sdl:table-row; sdl:table" wordcount="2" altwordcount="2" charcount="10" latest="1">[full name]</line>
          <line id="20502586" lineid="41" version="1" context="x-tm-table-cell; sdl:table-row; sdl:table" wordcount="1" altwordcount="1" charcount="8" latest="1">LOCATION</line>
          <line id="20502587" lineid="42" version="1" context="x-tm-table-cell; sdl:table-row; sdl:table" wordcount="5" altwordcount="5" charcount="24" latest="1">[name of the location/site]</line>
          <line id="20502555" lineid="10" version="1" context="sdl:paragraph" wordcount="4" altwordcount="4" charcount="28" latest="1">The Supplier dedicated contacts</line>
          <line id="20502554" lineid="9" version="1" context="sdl:paragraph" wordcount="2" altwordcount="2" charcount="14" latest="1">CONTACT DETAILS</line>
          <line id="20502553" lineid="8" version="1" context="x-tm-header-footer" wordcount="1" altwordcount="1" charcount="5" latest="1">XXXXX</line>
          <line id="20502552" lineid="7" version="1" context="x-tm-header-footer" wordcount="3" altwordcount="3" charcount="23" latest="1">Performance Agreement No.</line>
          <line id="20502551" lineid="6" version="1" context="x-tm-header-footer" wordcount="0" altwordcount="0" charcount="1" latest="1">&lt;1/&gt;/&lt;2/&gt;</line>
          <line id="20502550" lineid="5" version="1" context="sdl:textbox; x-tm-header-footer" wordcount="5" altwordcount="5" charcount="30" latest="1">Major Service High Speed Separator</line>
          <line id="20502549" lineid="4" version="1" context="sdl:textbox; x-tm-header-footer" wordcount="2" altwordcount="2" charcount="9" latest="1">Appendix X</line>
          <line id="20502548" lineid="3" version="1" context="x-tm-header-footer" wordcount="0" altwordcount="0" charcount="1" latest="1">&lt;1/&gt;/&lt;2/&gt;</line>
          <line id="20502547" lineid="2" version="1" context="sdl:textbox; x-tm-header-footer" wordcount="2" altwordcount="2" charcount="14" latest="1">Contact Details</line>
          <line id="20502546" lineid="1" version="1" context="sdl:textbox; x-tm-header-footer" wordcount="2" altwordcount="2" charcount="9" latest="1">Appendix D</line>
          <line id="20502588" lineid="43" version="1" context="x-tm-table-cell; sdl:table-row; sdl:table" wordcount="1" altwordcount="1" charcount="7" latest="1">ADDRESS</line>
          <line id="20502589" lineid="44" version="1" context="x-tm-table-cell; sdl:table-row; sdl:table" wordcount="1" altwordcount="1" charcount="9" latest="1">[address]</line>
          <line id="20502590" lineid="45" version="1" context="x-tm-table-cell; sdl:table-row; sdl:table" wordcount="2" altwordcount="2" charcount="6" latest="1">[row 2]</line>
          <line id="20502591" lineid="46" version="1" context="x-tm-table-cell; sdl:table-row; sdl:table" wordcount="2" altwordcount="2" charcount="6" latest="1">[row 3]</line>
          <line id="20502592" lineid="47" version="1" context="x-tm-table-cell; sdl:table-row; sdl:table" wordcount="1" altwordcount="1" charcount="5" latest="1">PHONE</line>
          <line id="20502593" lineid="48" version="1" context="x-tm-table-cell; sdl:table-row; sdl:table" wordcount="3" altwordcount="3" charcount="23" latest="1">[direct telephone number]</line>
          <line id="20502594" lineid="49" version="1" context="x-tm-table-cell; sdl:table-row; sdl:table" wordcount="1" altwordcount="1" charcount="3" latest="1">FAX</line>
          <line id="20502595" lineid="50" version="1" context="x-tm-table-cell; sdl:table-row; sdl:table" wordcount="2" altwordcount="2" charcount="11" latest="1">[fax number]</line>
          <line id="20502596" lineid="51" version="1" context="x-tm-table-cell; sdl:table-row; sdl:table" wordcount="2" altwordcount="2" charcount="11" latest="1">MOBILE PHONE</line>
          <line id="20502597" lineid="52" version="1" context="x-tm-table-cell; sdl:table-row; sdl:table" wordcount="3" altwordcount="3" charcount="19" latest="1">[mobile phone number]</line>
          <line id="20502598" lineid="53" version="1" context="x-tm-table-cell; sdl:table-row; sdl:table" wordcount="1" altwordcount="1" charcount="4" latest="1">MAIL</line>
          <line id="20502599" lineid="54" version="1" context="x-tm-table-cell; sdl:table-row; sdl:table" wordcount="1" altwordcount="1" charcount="8" latest="1">[e-mail]</line>
          <line id="20502600" lineid="55" version="1" context="x-tm-table-cell; sdl:table-row; sdl:table" wordcount="2" altwordcount="2" charcount="15" latest="1">Shipping Address</line>
          <line id="20502601" lineid="56" version="1" context="x-tm-table-cell; sdl:table-row; sdl:table" wordcount="1" altwordcount="1" charcount="4" latest="1">NAME</line>
          <line id="20502602" lineid="57" version="1" context="x-tm-table-cell; sdl:table-row; sdl:table" wordcount="2" altwordcount="2" charcount="10" latest="1">[full name]</line>
          <line id="20502603" lineid="58" version="1" context="x-tm-table-cell; sdl:table-row; sdl:table" wordcount="1" altwordcount="1" charcount="8" latest="1">LOCATION</line>
          <line id="20502604" lineid="59" version="1" context="x-tm-table-cell; sdl:table-row; sdl:table" wordcount="5" altwordcount="5" charcount="24" latest="1">[name of the location/site]</line>
          <line id="20502605" lineid="60" version="1" context="x-tm-table-cell; sdl:table-row; sdl:table" wordcount="1" altwordcount="1" charcount="7" latest="1">ADDRESS</line>
          <line id="20502606" lineid="61" version="1" context="x-tm-table-cell; sdl:table-row; sdl:table" wordcount="1" altwordcount="1" charcount="9" latest="1">[address]</line>
          <line id="20502607" lineid="62" version="1" context="x-tm-table-cell; sdl:table-row; sdl:table" wordcount="2" altwordcount="2" charcount="6" latest="1">[row 2]</line>
          <line id="20502608" lineid="63" version="1" context="x-tm-table-cell; sdl:table-row; sdl:table" wordcount="2" altwordcount="2" charcount="6" latest="1">[row 3]</line>
          <line id="20502609" lineid="64" version="1" context="x-tm-table-cell; sdl:table-row; sdl:table" wordcount="1" altwordcount="1" charcount="5" latest="1">PHONE</line>
          <line id="20502610" lineid="65" version="1" context="x-tm-table-cell; sdl:table-row; sdl:table" wordcount="3" altwordcount="3" charcount="23" latest="1">[direct telephone number]</line>
          <line id="20502611" lineid="66" version="1" context="x-tm-table-cell; sdl:table-row; sdl:table" wordcount="1" altwordcount="1" charcount="3" latest="1">FAX</line>
          <line id="20502612" lineid="67" version="1" context="x-tm-table-cell; sdl:table-row; sdl:table" wordcount="2" altwordcount="2" charcount="11" latest="1">[fax number]</line>
          <line id="20502613" lineid="68" version="1" context="x-tm-table-cell; sdl:table-row; sdl:table" wordcount="2" altwordcount="2" charcount="11" latest="1">MOBILE PHONE</line>
          <line id="20502614" lineid="69" version="1" context="x-tm-table-cell; sdl:table-row; sdl:table" wordcount="3" altwordcount="3" charcount="19" latest="1">[mobile phone number]</line>
          <line id="20502615" lineid="70" version="1" context="x-tm-table-cell; sdl:table-row; sdl:table" wordcount="1" altwordcount="1" charcount="4" latest="1">MAIL</line>
          <line id="20502616" lineid="71" version="1" context="x-tm-table-cell; sdl:table-row; sdl:table" wordcount="1" altwordcount="1" charcount="8" latest="1">[e-mail]</line>
        </src>
        <tgt>
          <line id="22355512" lineid="1" version="1" match="91" latest="1">Bilag 1:</line>
          <line id="22355513" lineid="2" version="1" match="85" latest="1">Kontaktoplysninger:</line>
          <line id="22355514" lineid="3" version="1" lock="1" match="100" latest="1">&lt;1/&gt;/&lt;2/&gt;</line>
          <line id="22355515" lineid="4" version="1" match="91" latest="1">Bilag 1:</line>
          <line id="22355516" lineid="5" version="1" match="0" latest="1">Major Service High Speed Separator</line>
          <line id="22355517" lineid="6" version="1" lock="1" match="100" latest="1">&lt;1/&gt;/&lt;2/&gt;</line>
          <line id="22355518" lineid="7" version="1" match="95" latest="1">Performance Agreement nr.:</line>
          <line id="22355519" lineid="8" version="1" match="99" latest="1">XXXXX</line>
          <line id="22355520" lineid="9" version="1" match="75" latest="1">Kontakt mig</line>
          <line id="22355521" lineid="10" version="1" match="0" latest="1">The Supplier dedicated contacts</line>
          <line id="22355522" lineid="11" version="1" match="0" latest="1">Field test Coordinator</line>
          <line id="22355523" lineid="12" version="1" lock="1" match="100" latest="1">NAVN</line>
          <line id="22355524" lineid="13" version="1" match="0" latest="1">[full name]</line>
          <line id="22355525" lineid="14" version="1" match="0" latest="1">LOCATION</line>
          <line id="22355526" lineid="15" version="1" match="0" latest="1">[name of the location/site]</line>
          <line id="22355527" lineid="16" version="1" match="83" latest="1">Adresse</line>
          <line id="22355528" lineid="17" version="1" match="0" latest="1">[address]</line>
          <line id="22355529" lineid="18" version="1" match="82" latest="1">&amp;lt;row 2&amp;gt;</line>
          <line id="22355530" lineid="19" version="1" match="82" latest="1">&amp;lt;row 3&amp;gt;</line>
          <line id="22355531" lineid="20" version="1" match="82" latest="1">Telefon</line>
          <line id="22355532" lineid="21" version="1" match="0" latest="1">[direct telephone number]</line>
          <line id="22355533" lineid="22" version="1" match="82" latest="1">Fax</line>
          <line id="22355534" lineid="23" version="1" match="75" latest="1">Id-nummer:</line>
          <line id="22355535" lineid="24" version="1" match="0" latest="1">MOBILE PHONE</line>
          <line id="22355536" lineid="25" version="1" match="0" latest="1">[mobile phone number]</line>
          <line id="22355537" lineid="26" version="1" match="0" latest="1">MAIL</line>
          <line id="22355538" lineid="27" version="1" match="82" latest="1">E-mail</line>
          <line id="22355539" lineid="28" version="1" match="0" latest="1">Field Test Technical Support</line>
          <line id="22355540" lineid="29" version="1" match="88" latest="1">NAVN</line>
          <line id="22355541" lineid="30" version="1" match="0" latest="1">[full name]</line>
          <line id="22355542" lineid="31" version="1" match="0" latest="1">LOCATION</line>
          <line id="22355543" lineid="32" version="1" match="0" latest="1">[name of the location/site]</line>
          <line id="22355544" lineid="33" version="1" match="0" latest="1">MOBILE PHONE</line>
          <line id="22355545" lineid="34" version="1" match="0" latest="1">[mobile phone number]</line>
          <line id="22355546" lineid="35" version="1" match="0" latest="1">MAIL</line>
          <line id="22355547" lineid="36" version="1" match="82" latest="1">E-mail</line>
          <line id="22355548" lineid="37" version="1" match="0" latest="1">The Customer dedicated contacts</line>
          <line id="22355549" lineid="38" version="1" match="0" latest="1">Field test Coordinator</line>
          <line id="22355550" lineid="39" version="1" lock="1" match="100" latest="1">NAVN</line>
          <line id="22355551" lineid="40" version="1" match="0" latest="1">[full name]</line>
          <line id="22355552" lineid="41" version="1" match="0" latest="1">LOCATION</line>
          <line id="22355553" lineid="42" version="1" match="0" latest="1">[name of the location/site]</line>
          <line id="22355554" lineid="43" version="1" match="83" latest="1">Adresse</line>
          <line id="22355555" lineid="44" version="1" match="0" latest="1">[address]</line>
          <line id="22355556" lineid="45" version="1" match="82" latest="1">&amp;lt;row 2&amp;gt;</line>
          <line id="22355557" lineid="46" version="1" match="82" latest="1">&amp;lt;row 3&amp;gt;</line>
          <line id="22355558" lineid="47" version="1" match="82" latest="1">Telefon</line>
          <line id="22355559" lineid="48" version="1" match="0" latest="1">[direct telephone number]</line>
          <line id="22355560" lineid="49" version="1" match="82" latest="1">Fax</line>
          <line id="22355561" lineid="50" version="1" match="75" latest="1">Id-nummer:</line>
          <line id="22355562" lineid="51" version="1" match="0" latest="1">MOBILE PHONE</line>
          <line id="22355563" lineid="52" version="1" match="0" latest="1">[mobile phone number]</line>
          <line id="22355564" lineid="53" version="1" match="0" latest="1">MAIL</line>
          <line id="22355565" lineid="54" version="1" match="82" latest="1">E-mail</line>
          <line id="22355566" lineid="55" version="1" match="0" latest="1">Shipping Address</line>
          <line id="22355567" lineid="56" version="1" lock="1" match="100" latest="1">NAVN</line>
          <line id="22355568" lineid="57" version="1" match="0" latest="1">[full name]</line>
          <line id="22355569" lineid="58" version="1" match="0" latest="1">LOCATION</line>
          <line id="22355570" lineid="59" version="1" match="0" latest="1">[name of the location/site]</line>
          <line id="22355571" lineid="60" version="1" match="83" latest="1">Adresse</line>
          <line id="22355572" lineid="61" version="1" match="0" latest="1">[address]</line>
          <line id="22355573" lineid="62" version="1" match="82" latest="1">&amp;lt;row 2&amp;gt;</line>
          <line id="22355574" lineid="63" version="1" match="82" latest="1">&amp;lt;row 3&amp;gt;</line>
          <line id="22355575" lineid="64" version="1" match="82" latest="1">Telefon</line>
          <line id="22355576" lineid="65" version="1" match="0" latest="1">[direct telephone number]</line>
          <line id="22355577" lineid="66" version="1" match="82" latest="1">Fax</line>
          <line id="22355578" lineid="67" version="1" match="75" latest="1">Id-nummer:</line>
          <line id="22355579" lineid="68" version="1" match="0" latest="1">MOBILE PHONE</line>
          <line id="22355580" lineid="69" version="1" match="0" latest="1">[mobile phone number]</line>
          <line id="22355581" lineid="70" version="1" match="0" latest="1">MAIL</line>
          <line id="22355582" lineid="71" version="1" match="82" latest="1">E-mail</line>
        </tgt>
      </segments>
      <events>
        <event id="3945461" time="2017-10-20T13:36:02" server="SNJTMS290">
          <wfs wfsid="10031" wfsname="Scan" wfsdesc="Scans the file to determine encoding type." orgid="1" statusid1="180" statusid2="181" interface="SCAN_FILE_TYPE" system="1" static="1" />
          <action id="1" name="ACTION_SUBMITTED" ltid="1557">Submitted To</action>
          <errcode code="0" module="System" severity="Success" identifier="SDL_ERR_OK" desc="Everything was OK." />
        </event>
        <event id="3945464" time="2017-10-20T13:36:02" server="SNJTMS290">
          <wfs wfsid="10031" wfsname="Scan" wfsdesc="Scans the file to determine encoding type." orgid="1" statusid1="180" statusid2="181" interface="SCAN_FILE_TYPE" system="1" static="1" />
          <action id="25" name="ACTION_STAGE_STARTING" ltid="10070">Starting</action>
          <errcode code="1076494343" module="System" severity="Informational" identifier="SDL_ERR_STAGE_STARTING" desc="Step execution starting." />
        </event>
        <event id="3945467" time="2017-10-20T13:36:02" server="SNJTMS290">
          <wfs wfsid="10031" wfsname="Scan" wfsdesc="Scans the file to determine encoding type." orgid="1" statusid1="180" statusid2="181" interface="SCAN_FILE_TYPE" system="1" static="1" />
          <action id="13" name="ACTION_STAGE_RESULT" ltid="4125">Step Result</action>
          <errcode code="0" module="System" severity="Success" identifier="SDL_ERR_OK" desc="Everything was OK." />
        </event>
        <event id="3945472" time="2017-10-20T13:36:02" server="SNJTMS290">
          <wfs wfsid="2" wfsname="Pre-processing" wfsdesc="In the Pre-processing step SDLTMS uses a filter to detect translatable content within an item and segment the content ready for translation. Once segmented, a sequence of Translation Memories are applied to match any previously translated segments." orgid="1" statusid1="25" statusid2="5" interface="PRE_PROCESS" system="1" static="1" />
          <action id="1" name="ACTION_SUBMITTED" ltid="1557">Submitted To</action>
          <errcode code="0" module="System" severity="Success" identifier="SDL_ERR_OK" desc="Everything was OK." />
        </event>
        <event id="3945483" time="2017-10-20T13:36:17" server="SNJTMS290">
          <wfs wfsid="2" wfsname="Pre-processing" wfsdesc="In the Pre-processing step SDLTMS uses a filter to detect translatable content within an item and segment the content ready for translation. Once segmented, a sequence of Translation Memories are applied to match any previously translated segments." orgid="1" statusid1="25" statusid2="5" interface="PRE_PROCESS" system="1" static="1" />
          <action id="25" name="ACTION_STAGE_STARTING" ltid="10070">Starting</action>
          <errcode code="1076494343" module="System" severity="Informational" identifier="SDL_ERR_STAGE_STARTING" desc="Step execution starting." />
        </event>
        <event id="3945488" time="2017-10-20T13:36:24" server="SNJTMS290">
          <wfs wfsid="2" wfsname="Pre-processing" wfsdesc="In the Pre-processing step SDLTMS uses a filter to detect translatable content within an item and segment the content ready for translation. Once segmented, a sequence of Translation Memories are applied to match any previously translated segments." orgid="1" statusid1="25" statusid2="5" interface="PRE_PROCESS" system="1" static="1" />
          <action id="12" name="ACTION_INFO" ltid="4126">Information</action>
          <errcode code="1075642466" module="Preprocessing" severity="Informational" identifier="SDL_ERR_PPT_PERFECT_MATCH_CONFIG_INFO" desc="PerfectMatch is enabled in the organization but the PerfectMatch options are not enabled in the configuration for this task." />
        </event>
        <event id="3945492" time="2017-10-20T13:37:08" comment="TM [AAC Global Master TM] TM Penalty [0%]" server="SNJTMS290">
          <wfs wfsid="2" wfsname="Pre-processing" wfsdesc="In the Pre-processing step SDLTMS uses a filter to detect translatable content within an item and segment the content ready for translation. Once segmented, a sequence of Translation Memories are applied to match any previously translated segments." orgid="1" statusid1="25" statusid2="5" interface="PRE_PROCESS" system="1" static="1" />
          <action id="12" name="ACTION_INFO" ltid="4126">Information</action>
          <errcode code="1075642459" module="Preprocessing" severity="Informational" identifier="SDL_ERR_APPLYING_TM_WITH_PENALTY" desc="Applying the TM using a TM match penalty." />
        </event>
        <event id="3945493" time="2017-10-20T13:37:08" comment="TM [Alfa Laval Master TM] TM Penalty [0%]" server="SNJTMS290">
          <wfs wfsid="2" wfsname="Pre-processing" wfsdesc="In the Pre-processing step SDLTMS uses a filter to detect translatable content within an item and segment the content ready for translation. Once segmented, a sequence of Translation Memories are applied to match any previously translated segments." orgid="1" statusid1="25" statusid2="5" interface="PRE_PROCESS" system="1" static="1" />
          <action id="12" name="ACTION_INFO" ltid="4126">Information</action>
          <errcode code="1075642459" module="Preprocessing" severity="Informational" identifier="SDL_ERR_APPLYING_TM_WITH_PENALTY" desc="Applying the TM using a TM match penalty." />
        </event>
        <event id="3945494" time="2017-10-20T13:37:08" comment="TM [Alfa Laval Legacy TM] TM Penalty [1%]" server="SNJTMS290">
          <wfs wfsid="2" wfsname="Pre-processing" wfsdesc="In the Pre-processing step SDLTMS uses a filter to detect translatable content within an item and segment the content ready for translation. Once segmented, a sequence of Translation Memories are applied to match any previously translated segments." orgid="1" statusid1="25" statusid2="5" interface="PRE_PROCESS" system="1" static="1" />
          <action id="12" name="ACTION_INFO" ltid="4126">Information</action>
          <errcode code="1075642459" module="Preprocessing" severity="Informational" identifier="SDL_ERR_APPLYING_TM_WITH_PENALTY" desc="Applying the TM using a TM match penalty." />
        </event>
        <event id="3945495" time="2017-10-20T13:37:11" server="SNJTMS290">
          <wfs wfsid="2" wfsname="Pre-processing" wfsdesc="In the Pre-processing step SDLTMS uses a filter to detect translatable content within an item and segment the content ready for translation. Once segmented, a sequence of Translation Memories are applied to match any previously translated segments." orgid="1" statusid1="25" statusid2="5" interface="PRE_PROCESS" system="1" static="1" />
          <action id="13" name="ACTION_STAGE_RESULT" ltid="4125">Step Result</action>
          <errcode code="0" module="System" severity="Success" identifier="SDL_ERR_OK" desc="Everything was OK." />
        </event>
        <event id="3945496" time="2017-10-20T13:37:11" server="SNJTMS290">
          <wfs wfsid="5" wfsname="Authorization" wfsdesc="Authorization is a user step where the user authorizes the costs associated with translation of a job into the required languages. Priority, workflow and due date information can be modified at task level where appropriate." orgid="1" statusid1="13" statusid2="2" interface="AUTHORIZE" system="0" static="1" />
          <action id="1" name="ACTION_SUBMITTED" ltid="1557">Submitted To</action>
          <errcode code="0" module="System" severity="Success" identifier="SDL_ERR_OK" desc="Everything was OK." />
        </event>
        <event id="3945572" time="2017-10-20T14:59:56" server="SNJTMS290">
          <usr usrid="458" email="anna.falk@aacglobal.com" usrname="Anna Falk" usrdesc="AAC Project Manager" />
          <action id="14" name="ACTION_DOWNLOAD" ltid="1254">Download</action>
          <errcode code="2818049" module="Download" severity="Success" identifier="SDL_ERR_ITD_DOWNLOAD_OK" desc="Bilingual file downloaded." />
        </event>
        <event id="3947888" time="2017-10-24T08:52:00" server="SNJTMS290">
          <usr usrid="458" email="anna.falk@aacglobal.com" usrname="Anna Falk" usrdesc="AAC Project Manager" />
          <wfs wfsid="5" wfsname="Authorization" wfsdesc="Authorization is a user step where the user authorizes the costs associated with translation of a job into the required languages. Priority, workflow and due date information can be modified at task level where appropriate." orgid="1" statusid1="13" statusid2="2" interface="AUTHORIZE" system="0" static="1" />
          <action id="13" name="ACTION_STAGE_RESULT" ltid="4125">Step Result</action>
          <errcode code="0" module="System" severity="Success" identifier="SDL_ERR_OK" desc="Everything was OK." />
        </event>
        <event id="3947889" time="2017-10-24T08:52:00" server="SNJTMS290">
          <usr usrid="458" email="anna.falk@aacglobal.com" usrname="Anna Falk" usrdesc="AAC Project Manager" />
          <wfs wfsid="10041" wfsname="Vendor Translation" wfsdesc="This stage allows the vendor to translate content." orgid="2" statusid1="200" statusid2="201" interface="TRANSLATE" system="0" static="0" />
          <action id="1" name="ACTION_SUBMITTED" ltid="1557">Submitted To</action>
          <errcode code="0" module="System" severity="Success" identifier="SDL_ERR_OK" desc="Everything was OK." />
        </event>
        <event id="4025518" time="2017-12-27T08:05:10" server="SNJTMS290">
          <usr usrid="458" email="anna.falk@aacglobal.com" usrname="Anna Falk" usrdesc="AAC Project Manager" />
          <wfs wfsid="10041" wfsname="Vendor Translation" wfsdesc="This stage allows the vendor to translate content." orgid="2" statusid1="200" statusid2="201" interface="TRANSLATE" system="0" static="0" />
          <action id="13" name="ACTION_STAGE_RESULT" ltid="4125">Step Result</action>
          <errcode code="0" module="System" severity="Success" identifier="SDL_ERR_OK" desc="Everything was OK." />
        </event>
        <event id="4025519" time="2017-12-27T08:05:10" server="SNJTMS290">
          <usr usrid="458" email="anna.falk@aacglobal.com" usrname="Anna Falk" usrdesc="AAC Project Manager" />
          <wfs wfsid="10053" wfsname="QA Check - Format Painting" wfsdesc="Checks that format painting is correct in the translated segments as compared to the source segments." orgid="2" statusid1="222" statusid2="223" interface="CUSTOM" system="1" static="0" />
          <action id="1" name="ACTION_SUBMITTED" ltid="1557">Submitted To</action>
          <errcode code="0" module="System" severity="Success" identifier="SDL_ERR_OK" desc="Everything was OK." />
        </event>
        <event id="4025533" time="2017-12-27T08:05:18" server="SNJTMS290">
          <wfs wfsid="10053" wfsname="QA Check - Format Painting" wfsdesc="Checks that format painting is correct in the translated segments as compared to the source segments." orgid="2" statusid1="222" statusid2="223" interface="CUSTOM" system="1" static="0" />
          <action id="25" name="ACTION_STAGE_STARTING" ltid="10070">Starting</action>
          <errcode code="1076494343" module="System" severity="Informational" identifier="SDL_ERR_STAGE_STARTING" desc="Step execution starting." />
        </event>
        <event id="4025536" time="2017-12-27T08:05:19" server="SNJTMS290">
          <wfs wfsid="10053" wfsname="QA Check - Format Painting" wfsdesc="Checks that format painting is correct in the translated segments as compared to the source segments." orgid="2" statusid1="222" statusid2="223" interface="CUSTOM" system="1" static="0" />
          <action id="13" name="ACTION_STAGE_RESULT" ltid="4125">Step Result</action>
          <errcode code="0" module="System" severity="Success" identifier="SDL_ERR_OK" desc="Everything was OK." />
        </event>
        <event id="4025537" time="2017-12-27T08:05:19" server="SNJTMS290">
          <wfs wfsid="13" wfsname="Rebuild Translation" wfsdesc="The Rebuild Translation system step constructs a final version of a task from the translated segments. It is typically placed after Translation and Review have been completed in the workflow, but before Approval." orgid="1" statusid1="81" statusid2="82" interface="REBUILD_FILE" system="1" static="1" />
          <action id="1" name="ACTION_SUBMITTED" ltid="1557">Submitted To</action>
          <errcode code="0" module="System" severity="Success" identifier="SDL_ERR_OK" desc="Everything was OK." />
        </event>
        <event id="4025538" time="2017-12-27T08:05:19" server="SNJTMS290">
          <wfs wfsid="13" wfsname="Rebuild Translation" wfsdesc="The Rebuild Translation system step constructs a final version of a task from the translated segments. It is typically placed after Translation and Review have been completed in the workflow, but before Approval." orgid="1" statusid1="81" statusid2="82" interface="REBUILD_FILE" system="1" static="1" />
          <action id="25" name="ACTION_STAGE_STARTING" ltid="10070">Starting</action>
          <errcode code="1076494343" module="System" severity="Informational" identifier="SDL_ERR_STAGE_STARTING" desc="Step execution starting." />
        </event>
        <event id="4025542" time="2017-12-27T08:05:21" server="SNJTMS290">
          <wfs wfsid="13" wfsname="Rebuild Translation" wfsdesc="The Rebuild Translation system step constructs a final version of a task from the translated segments. It is typically placed after Translation and Review have been completed in the workflow, but before Approval." orgid="1" statusid1="81" statusid2="82" interface="REBUILD_FILE" system="1" static="1" />
          <action id="13" name="ACTION_STAGE_RESULT" ltid="4125">Step Result</action>
          <errcode code="0" module="System" severity="Success" identifier="SDL_ERR_OK" desc="Everything was OK." />
        </event>
        <event id="4025543" time="2017-12-27T08:05:21" server="SNJTMS290">
          <wfs wfsid="10040" wfsname="Vendor Approval" wfsdesc="This stage allows the vendor to agree the requested dates, update costing etc." orgid="2" statusid1="198" statusid2="199" interface="PJM_AUTHORIZE" system="0" static="0" />
          <action id="1" name="ACTION_SUBMITTED" ltid="1557">Submitted To</action>
          <errcode code="0" module="System" severity="Success" identifier="SDL_ERR_OK" desc="Everything was OK." />
        </event>
        <event id="4179920" time="2018-01-29T13:28:27" server="SNJTMS290">
          <usr usrid="458" email="anna.falk@aacglobal.com" usrname="Anna Falk" usrdesc="AAC Project Manager" />
          <wfs wfsid="10040" wfsname="Vendor Approval" wfsdesc="This stage allows the vendor to agree the requested dates, update costing etc." orgid="2" statusid1="198" statusid2="199" interface="PJM_AUTHORIZE" system="0" static="0" />
          <action id="3" name="ACTION_REASSIGNED" ltid="1917">Reassigned</action>
          <errcode code="0" module="System" severity="Success" identifier="SDL_ERR_OK" desc="Everything was OK." />
        </event>
        <event id="4179928" time="2018-01-29T13:29:05" server="SNJTMS290">
          <usr usrid="458" email="anna.falk@aacglobal.com" usrname="Anna Falk" usrdesc="AAC Project Manager" />
          <wfs wfsid="10040" wfsname="Vendor Approval" wfsdesc="This stage allows the vendor to agree the requested dates, update costing etc." orgid="2" statusid1="198" statusid2="199" interface="PJM_AUTHORIZE" system="0" static="0" />
          <action id="13" name="ACTION_STAGE_RESULT" ltid="4125">Step Result</action>
          <errcode code="0" module="System" severity="Success" identifier="SDL_ERR_OK" desc="Everything was OK." />
        </event>
        <event id="4179929" time="2018-01-29T13:29:05" server="SNJTMS290">
          <usr usrid="458" email="anna.falk@aacglobal.com" usrname="Anna Falk" usrdesc="AAC Project Manager" />
          <wfs wfsid="12" wfsname="Update TM" wfsdesc="The Update TM step is used to update a sequence of translation memories once a translation has been reviewed and approved." orgid="1" statusid1="17" statusid2="18" interface="UPDATE_TM" system="1" static="1" />
          <action id="1" name="ACTION_SUBMITTED" ltid="1557">Submitted To</action>
          <errcode code="0" module="System" severity="Success" identifier="SDL_ERR_OK" desc="Everything was OK." />
        </event>
        <event id="4179936" time="2018-01-29T13:29:15" server="SNJTMS290">
          <wfs wfsid="12" wfsname="Update TM" wfsdesc="The Update TM step is used to update a sequence of translation memories once a translation has been reviewed and approved." orgid="1" statusid1="17" statusid2="18" interface="UPDATE_TM" system="1" static="1" />
          <action id="25" name="ACTION_STAGE_STARTING" ltid="10070">Starting</action>
          <errcode code="1076494343" module="System" severity="Informational" identifier="SDL_ERR_STAGE_STARTING" desc="Step execution starting." />
        </event>
        <event id="4179937" time="2018-01-29T13:29:17" server="SNJTMS290">
          <wfs wfsid="12" wfsname="Update TM" wfsdesc="The Update TM step is used to update a sequence of translation memories once a translation has been reviewed and approved." orgid="1" statusid1="17" statusid2="18" interface="UPDATE_TM" system="1" static="1" />
          <action id="13" name="ACTION_STAGE_RESULT" ltid="4125">Step Result</action>
          <errcode code="0" module="System" severity="Success" identifier="SDL_ERR_OK" desc="Everything was OK." />
        </event>
        <event id="4179938" time="2018-01-29T13:29:17" server="SNJTMS290">
          <wfs wfsid="10" wfsname="Complete Invoice" wfsdesc="This step records completion of tasks with invoicing information. It is usually placed near the end of the workflow after Translated Content Retrieval." orgid="1" statusid1="47" statusid2="51" interface="INV_COMPLETE" system="1" static="1" />
          <action id="1" name="ACTION_SUBMITTED" ltid="1557">Submitted To</action>
          <errcode code="0" module="System" severity="Success" identifier="SDL_ERR_OK" desc="Everything was OK." />
        </event>
        <event id="4179939" time="2018-01-29T13:29:17" server="SNJTMS290">
          <wfs wfsid="10" wfsname="Complete Invoice" wfsdesc="This step records completion of tasks with invoicing information. It is usually placed near the end of the workflow after Translated Content Retrieval." orgid="1" statusid1="47" statusid2="51" interface="INV_COMPLETE" system="1" static="1" />
          <action id="25" name="ACTION_STAGE_STARTING" ltid="10070">Starting</action>
          <errcode code="1076494343" module="System" severity="Informational" identifier="SDL_ERR_STAGE_STARTING" desc="Step execution starting." />
        </event>
        <event id="4179940" time="2018-01-29T13:29:17" server="SNJTMS290">
          <wfs wfsid="10" wfsname="Complete Invoice" wfsdesc="This step records completion of tasks with invoicing information. It is usually placed near the end of the workflow after Translated Content Retrieval." orgid="1" statusid1="47" statusid2="51" interface="INV_COMPLETE" system="1" static="1" />
          <action id="13" name="ACTION_STAGE_RESULT" ltid="4125">Step Result</action>
          <errcode code="0" module="System" severity="Success" identifier="SDL_ERR_OK" desc="Everything was OK." />
        </event>
        <event id="4179941" time="2018-01-29T13:29:17" server="SNJTMS290">
          <wfs wfsid="11" wfsname="Translated Content Retrieval" wfsdesc="The Translated Content Retrieval system step is where translated tasks await retrieval by the system that requested their translation. This happens via a CTA Delivery request. This step should be after all Translation, Review and Approval steps." orgid="1" statusid1="19" statusid2="21" interface="UPLOAD" system="1" static="1" />
          <action id="1" name="ACTION_SUBMITTED" ltid="1557">Submitted To</action>
          <errcode code="0" module="System" severity="Success" identifier="SDL_ERR_OK" desc="Everything was OK." />
        </event>
        <event id="4499681" time="2018-03-01T09:59:47" server="SNJTMS290">
          <wfs wfsid="21" wfsname="Complete" wfsdesc="The Complete step is a system step that is placed at the end of a workflow if no user notification is needed when a task reaches the end of its workflow." orgid="1" statusid1="68" statusid2="0" interface="COMPLETE" system="1" static="1" />
          <action id="1" name="ACTION_SUBMITTED" ltid="1557">Submitted To</action>
          <errcode code="0" module="System" severity="Success" identifier="SDL_ERR_OK" desc="Everything was OK." />
        </event>
      </events>
      <versions>
        <version sourceversion="1" targetversion="1" time="2017-10-20T13:37:05.783" wfsid="2" />
      </versions>
    </data>
  </task>
</archive>